x1,x2,x3,x4,x5,x6,y
-1.0,0.25532645031877477,0.4199220693100486,-1.0,1.0,1.0,6.520479477170814
0.39925397909566307,-1.0,0.3949495878083859,-1.0,-1.0,-1.0,13.228439871934247
0.7584580710101925,-0.7442090878219249,-1.0,0.1885996418311252,0.41572166882147243,-0.29316617175273224,-1.7020847635911245
1.0,0.2988041753316586,1.0,0.2782224270366844,0.0415662362024245,-0.7818329379337141,3.6568054680616333
-0.954708866381833,-1.0,0.8777018335677513,-0.10336287928924359,0.22023613427447875,-0.42450993904118256,4.007548463139068
1.0,1.0,1.0,0.25544922501185097,0.6271849688974084,-0.007075368765847079,-4.9285005769630095
-0.46891966916814964,1.0,-0.20157869461439692,0.004273307229077539,0.6606223276929379,-1.0,3.7582719642992504
-0.08731865407234651,0.33636069146347247,-1.0,-1.0,0.08738983875023865,1.0,7.1749999571294385
-0.11306543027798588,-0.5258570675665941,-0.6760703249226855,-1.0,-1.0,-1.0,3.374307445718969
-0.38479306165621807,-0.9068246608156888,-0.28440865280002814,0.11561459837276052,0.8980048039109279,0.01043461846268795,0.05743098566254071
0.4722446671338878,-1.0,-1.0,0.6047298906447623,-0.1293226136353597,0.10800432862760412,-1.1162071272177272
-1.0,-0.043763304170315154,-0.2283061196221312,-0.8831647382973058,1.0,1.0,6.912283693749092
0.2624727381639076,0.4815711223871567,0.687824220870457,0.5553761032931454,-1.0,-0.31236068558794006,1.2560495338548672
-1.0,-0.1991345716699997,-0.9661455733696349,-1.0,-0.16197305710584264,-0.781016762966785,1.810265169940033
0.5552289514253069,-0.02578035499046938,-0.6642499728542018,-0.6964407784887553,-1.0,-0.52342606815335,1.5355443788572223
-1.0,-1.0,-0.776028464182857,-0.11073960832226137,-0.5235865331104493,-0.7814189021940833,0.12091795160423069
0.6338645795226525,-0.4263622922796032,1.0,0.17607347428349768,-1.0,0.3502403396744529,2.0221549849096783
1.0,1.0,0.1655458037567064,1.0,1.0,1.0,-1.1176058458535172
-0.4441536441882985,-0.9832877037044252,-0.2978318168370848,0.8587763912940147,1.0,1.0,4.302106363173867
0.38815856997655185,0.30717623158457763,1.0,-1.0,1.0,1.0,-1.7998689012592584
0.4539074577769558,-0.5267168853047656,-0.7581087511958958,0.2738117061021156,1.0,0.057924207998179655,-2.0378638717568935
-0.6882010722668135,-0.22168579168393177,-0.9655465672332846,-0.8832835187177617,-0.3914628005651488,-0.9654016398344001,3.379346949229073
0.7694074920012616,1.0,0.9013744949576039,0.07440722173641301,1.0,0.06474684940308428,-3.637697130710479
-0.3971534377256929,-0.4075141757860732,-0.8343066493204987,0.022601926758073043,-0.5656427510675418,-1.0,2.651853069897976
0.30643722228453707,-0.8305223398063983,-0.51014097483336,-0.6665049983683881,-0.47857530949953453,0.28264398982901706,0.7096280019391654
-1.0,-0.35908409126918184,-1.0,-0.11786133658327896,-0.12436750774694583,1.0,6.414721845246234
-0.3545677543654211,-0.3531845306103117,0.04763804245841241,-0.44335149479506386,-0.3876581622295111,0.6704457156051931,-0.25854435808825793
-0.8485534505754454,0.813946568451582,-0.033824517815446084,1.0,-0.7060118682833066,-0.8441806862962384,1.3383548245751873
-0.2432930716578346,1.0,-0.044364205454437866,-0.19034226946350785,0.45443803935494276,-0.3723227875023782,-0.11276215520516042
-1.0,-0.737135117166538,-0.9397537891203527,-0.07822885011684333,-0.5000270260266946,0.15701512008452678,-3.756652083261042
0.6394017397452574,1.0,1.0,1.0,1.0,1.0,-8.581281389738647
0.0525570223627192,1.0,-0.6817358666029867,1.0,-1.0,-1.0,6.775643350803476
-0.20475127196570037,-0.728530751864053,-0.4679974719072044,-0.9848696808293286,-1.0,-0.9997298828573211,5.896017787079474
0.6000721922890222,-0.35155942899545156,0.7137641006076851,-0.7223097590464866,1.0,-0.7133223873980892,0.6970905525021321
1.0,1.0,-0.7489515903452784,0.7983731092357909,-1.0,-0.4445003371904006,7.756320394380173
0.5787332392527513,0.7231454849587329,1.0,0.11830770950308511,-0.30687658901717696,-0.71815293456382,0.5995424829104243
-0.6138822764574856,1.0,0.8018940776211723,-0.06419395651715254,-0.10630760787656318,0.13069361941636,-1.4149106644639542
-0.5424317256010862,-0.3532600413149266,-1.0,-0.7125428892926404,-0.5239128508962179,-1.0,3.904231198216035
-0.6740490178721864,-0.528058348042546,0.5005213348077346,-0.4835212304800517,0.1026344868547546,0.45485256038760447,-1.3356420715274955
-0.7363750652298044,-1.0,-1.0,-0.22767482267084682,-1.0,-1.0,0.21138953163512286
0.494574043718669,1.0,0.5786011958809989,1.0,0.2944132447691783,0.5021898897797041,-2.94441613296638
0.5610349031832975,0.8822513934985272,0.029983578545291767,1.0,-1.0,0.8685867213515126,6.195731991013744
1.0,0.46595282922129067,1.0,1.0,-0.20268050096139756,-0.9000758314757228,4.130078444386058
-0.9022390737550572,0.31811661703745975,0.15533858111712529,-1.0,0.23921206799296477,-1.0,2.482267666456893
1.0,0.3366509840998082,1.0,0.5926314894895968,0.21538466002835252,0.19348917256517684,-2.141876864201137
-0.8014564416249351,0.5844626461533432,0.3916167316703488,-1.0,-0.7513934563996605,-1.0,-1.5554570645824075
-1.0,-1.0,-0.22109049631091648,-1.0,-0.1216689109663529,0.4932003773856144,-3.1540177841627313
-1.0,-1.0,-0.17628738961657686,-0.7226863868220477,-0.7957914686169449,0.2526890909335392,-0.7753889508707764
1.0,1.0,1.0,0.5832141639902624,-1.0,-0.7362000107001982,5.029255616433414
-1.0,-1.0,-1.0,-0.915007035266006,-0.1091726386816202,0.07485996065061418,-6.76081016639337
-0.9288270415940311,-1.0,-0.174805619076665,-1.0,-0.9346748075715403,-0.8771323194161935,4.571328185503326
0.07317461821936525,-0.5531743111434841,-1.0,0.5639898613906629,-1.0,-0.22844737368670254,-0.3703382935910504
0.041494471152673906,-0.4753984115198955,1.0,-0.6937084132867339,1.0,0.9821215765802473,-3.3866747418662184
0.7169417860543623,1.0,-0.6911720375502011,-1.0,0.20340298074666507,1.0,8.242778709727611
1.0,1.0,1.0,1.0,1.0,1.0,-9.958715726371125
-0.2107571956692248,-1.0,-1.0,-1.0,1.0,0.6264161268211376,-5.1150064053797495
1.0,1.0,0.07417441196236707,0.022552908817176198,0.20163201498982863,0.06351684749700581,-0.15042092297300014
-0.7080605855097574,0.31532447661414775,-0.8103066648403761,-0.419555189593192,0.21961735953475037,0.2968783193206757,0.5457884395495743
0.16414635343057216,-1.0,0.8927654225293711,-0.055878432974297815,0.965276719482143,1.0,0.2696131630174646
1.0,0.42976808525251875,-0.6380786873399743,-0.03558554208943543,0.2380087903286704,0.6863769190323412,0.25969814632794264
-1.0,1.0,0.624235785415852,-1.0,-1.0,0.026309504793682215,-1.6416750354367773
1.0,0.0968182445261958,0.217993265652485,1.0,0.3157333836254683,-0.41544717144706467,0.5180600520662647
0.43904133316205884,0.36906762610605526,0.200351193721667,1.0,-1.0,0.18990034703154451,0.8106201328678848
-0.3421751439748409,-0.10066021209577897,-0.9473985105533324,-1.0,-0.8981485279886923,-0.2444596275636095,-1.4897141054084868
-0.4807773006556384,-1.0,-0.05168266356912676,-1.0,-0.8984878767098734,0.33589865746491687,2.1426750312484986
-0.45998644308490827,0.7246337964997136,0.5892197827619889,-0.6560632418993632,-0.5342663943202961,-1.0,-0.8506633170022692
-0.23893483792497097,-0.20091656012846304,0.20882234361475893,0.5359616460604777,0.7494593297207646,0.8451236642737571,3.808463101148017
0.4646470366505153,0.04577267747435654,1.0,1.0,0.020598739704245528,0.9502489882108245,-2.2039989263178565
0.33594154299043305,0.4605317088522315,0.12950542962070377,-1.0,1.0,0.07444796851489704,1.2478424734062583
0.16773335892744695,-0.1265856886286807,-1.0,-0.020104568242392817,-1.0,-0.796010107372667,-0.0699758760243796
0.7436952259154579,0.6231948032893854,1.0,0.7543395208687093,1.0,-0.03320292049083162,-3.283802057758594
-0.3294270487191663,-0.24476502607867245,0.25890675274820474,-0.3917821993399998,1.0,0.7865383735180584,2.442702797900573
-0.6355801941929973,-1.0,-0.6534556406404793,0.30029017693149224,0.1149677728300098,1.0,3.6569281511948715
-0.5558333617059998,0.4473912890123265,0.03983554475535689,-0.8846371846142466,0.19305173967996825,1.0,3.7785241390939817
0.11458333734239573,0.08189235353821037,0.8420630152836697,0.7635945589451174,0.048102012068258954,1.0,-0.06464255547087383
0.16108239696901952,-1.0,-1.0,-1.0,0.2821563795905218,0.854503218189024,-3.3314789483810565
0.2895807907290212,1.0,0.17561585280416359,1.0,-0.3271412538794619,-0.29281147201928504,2.351189246051526
0.8834866680084246,-0.6253986487700016,-0.14585948590669362,-0.8139352428242246,0.2265096282843438,0.9028232029671827,-0.6489161286548117
0.21535341997320726,-1.0,-0.7737790069914314,-0.4521900087027525,0.5452281931361609,1.0,0.11808682421470229
-1.0,-1.0,-0.16004949551647973,-1.0,-0.24115389122193423,-0.021125651445813076,-2.074374172989237
-0.3311809142856625,0.0372230346553471,-0.1757671213539908,-0.07318932413418987,-0.7534797838464522,-1.0,0.4789337034368405
-0.5279573937050133,-0.8421016373376733,-0.5129745934493231,-0.10356022983101998,1.0,0.43603565543974976,0.9200810554841767
1.0,0.02941114912721665,0.2570352737295541,0.4111034923596486,1.0,0.03674952885189753,-2.147933159580808
0.37528436508562635,1.0,1.0,1.0,-0.46008133017861375,-1.0,2.49473542984615
-1.0,-1.0,-1.0,-0.5380068091687418,0.336821238718535,0.8093376191245976,-1.291183191461002
-0.09400490588203747,-0.026725708805567683,-0.8667140375890356,-0.9660795372500588,0.9665389892781584,0.19869590452225316,1.420174584663237
1.0,1.0,1.0,1.0,0.6773959528364086,1.0,-10.420080519448
-1.0,-1.0,-1.0,-0.6935736063557911,-0.8219589546320717,1.0,0.7852207868501917
-1.0,-0.8308977708297272,-1.0,-1.0,-1.0,-1.0,4.84692369727819
1.0,1.0,1.0,1.0,1.0,1.0,-10.12111302057881
-1.0,-1.0,-0.60524310610926,-0.9359481373332437,0.5481970512934169,1.0,-1.374084970131997
-0.03870985339347022,-0.46328064323009843,-0.6380925410950806,-0.2935646794452911,0.015444749957697512,1.0,3.777833621974596
0.38143090058082874,0.6054569865333825,-0.8313675884525205,0.9440019088217968,-1.0,-0.13814917766834256,2.202009095279004
-1.0,-0.061066830140738215,-1.0,-0.762812996294417,0.3915016531318616,1.0,8.205849101895364
-0.4269314054493213,-0.7635774176634583,0.2818982042505018,0.7550348630829473,1.0,0.8915264692127987,3.158061112070557
-0.5671882359893035,-1.0,0.4209734630746108,-0.9345736896967944,-0.5009200372839513,-0.3840585414658255,3.430031592200774
-1.0,-0.11482060572213315,-0.5537692667838019,-0.9195373217478635,-0.3784781737972909,-1.0,2.765517597477145
-0.9764059252612416,-0.36206990625055985,0.8629328753517637,-0.2301362029410153,0.4030441407638523,1.0,-1.3913151714848608
-0.32983416451387204,-0.23985957057477836,-0.21213322037308924,-1.0,0.8307720537093378,1.0,4.723601510306372
1.0,1.0,-0.024774684961339527,0.2980705495300539,1.0,0.6604362386501343,-0.5463709543307378
0.5533591024781271,-0.241860636661414,-1.0,0.6129241848522866,-1.0,-0.7316631979742417,2.2939163956562214
-1.0,-0.7621655128418745,-0.17280500900508644,-0.5923843586491957,-0.7085088135630855,-0.6642479722890955,1.812430391534904
-1.0,-1.0,0.815567002672832,0.22376654688602643,-1.0,-1.0,0.9956901548247298
0.24714596372783226,1.0,0.10499559531940456,-0.43224797240849927,1.0,0.6187701932317775,2.362501547351237
1.0,-0.6296740461751128,-0.049783319664555514,0.7077231526022632,0.23129412847816244,0.38222670033635164,-0.12790583770334935
1.0,-0.1002925617336996,0.1858008338387218,1.0,-0.6834725497476317,0.3650207911094603,2.5430575717490562
-1.0,0.3400401418980694,-1.0,-0.4364953512537583,-0.9375501592635616,-0.16175648831911416,-2.886889815979036
0.8573199511457998,0.9301160562306401,0.6560255008559563,0.9390859553697124,-0.9973008872760779,0.17765268100970855,3.2311196671891826
0.3907141034065795,0.021322241321897195,1.0,0.5112741803862781,-1.0,0.4461738486752942,-0.66932839001914
0.8597204389140322,1.0,0.23956539763999574,0.8355142699559924,-0.7296201758350563,-0.6901475786201394,5.285595665484537
0.3685081764947372,0.9591622543223346,0.025800637221915834,-0.439728095138174,0.33350591876794977,-1.0,1.2047014419098094
0.10793815962054443,1.0,1.0,0.016768445423785083,-0.9084230758458215,0.14279055768530158,-2.657445646314569
-0.5007780945919688,-0.04671287425895154,-0.11749449742117574,-1.0,-1.0,-0.6313602748929528,0.6133936130453355
-0.6033059316912889,-0.09243474359037412,-0.7521826973092888,0.25550872420650644,-0.23748765916341075,1.0,5.317119409765016
-0.522678063190214,-0.06145913850794227,-1.0,0.3721127052212357,-1.0,-1.0,0.7849492844119388
0.12225982547812098,1.0,-0.8583778500320081,-1.0,-0.1866979800424553,-0.15854184579941083,0.9568409238187384
1.0,1.0,0.48444974902244164,0.29479328161633034,0.28103392444769115,0.740243205755742,-1.2021388812748746
0.032942024575780104,-0.41450220441069496,1.0,-0.6856168651237913,-0.4411480900448541,0.39796079612455526,-1.643553259056802
-0.06300878731820908,1.0,0.13096748074045678,1.0,-0.0899856934149631,-1.0,2.7344819886719005
-0.30831935130769395,0.7175099568733112,0.3935787575878791,1.0,-0.6899765910729292,-1.0,4.336308982046653
0.1834233481140387,0.1994923511452995,-0.063253870861265,-1.0,-0.2432907906863358,0.09955227568321712,0.27176638542111586
-0.8383127511323787,0.9844323916971367,0.9159872644999651,-0.30208443855621403,-0.7224786754619046,0.21869852492119068,-4.585686052797584
-0.45381218421949954,-1.0,-0.21564145585297023,-1.0,-1.0,1.0,5.351982697669778
1.0,-1.0,-0.5825878315439096,-0.9890767801419103,-1.0,-1.0,12.668117312699275
0.23876941312310246,-0.9501473444568246,-0.1837745122702339,-0.48852895358125514,-1.0,0.18411787192044599,2.4403135487448018
-0.18361344523836481,0.3859964417571661,-0.125238614408199,-1.0,0.3194776930423009,-0.37866493317340444,0.07468945370079177
-0.8915692623131264,-0.4145253051779596,-0.015363912001505664,-1.0,0.8815885971828474,0.674959833856754,2.621463895854312
-1.0,0.12227507380075453,-0.24808691492007728,-1.0,0.36344795400086005,0.649687173952344,1.4946874259576317
1.0,0.5334404539018434,0.515669448754917,1.0,0.10774724988606033,-0.5527543118667088,1.6843428525490087
1.0,0.9123246726244381,1.0,1.0,0.8926437124308276,-1.0,-4.883080158782078
0.6471246643394956,1.0,0.5824566002242098,0.5697461511869919,-1.0,0.3480779745187716,1.119733358330642
0.1144702321543369,-1.0,-0.020324112148914997,-0.9414080155151461,-0.2767289333791143,-0.857938616047442,5.627046899391401
-0.3708749554790436,-1.0,0.1134814311522373,-0.0570619795314114,0.2514167014656422,1.0,1.4108729811257206
0.2927774958285475,-1.0,-0.13401234486967017,-0.6563519988779476,-1.0,-0.7300732841199471,6.5104166336409035
0.8928021727139456,0.12445074228307873,0.31072559086151974,-1.0,-0.10251552348111093,-1.0,5.694981725062309
0.768475596134457,0.9998975823816465,-0.3581600352746938,-0.3430059093762577,-1.0,0.1981804713998898,4.32579743160011
-0.29234534114867144,-1.0,-0.13401776107744257,0.28777331351629903,0.08344307856534461,0.5065408893330925,0.3009497386547978
-0.47202082841927595,-0.683745071689839,0.6842174958631198,-1.0,-0.06968367319544433,0.32661095549942165,-1.7201266276232885
0.11886138015983294,-0.06310389319097998,-0.9645479455302775,1.0,1.0,0.44582669943735265,0.36301129014053607
1.0,0.13874154255581278,0.6926409884420968,0.4036767368971081,-0.8224056051381332,0.1497001424092977,3.339851081962639
0.023675503941379572,-0.6740106693801774,0.4374389296225849,0.9107288679018566,0.2957053057840435,1.0,2.3940808672413363
0.8567678437143474,-0.44962530076947727,-0.2256190830400805,0.05627819439842019,-0.9484311138324877,-0.7744868315699782,4.299356073798267
-0.40608519691829514,-0.46309319436409146,-0.6530766489864872,0.5660246335563949,-1.0,-0.17803975455614426,-0.7041044375246613
-1.0,-1.0,-1.0,-0.36919670442736896,0.23873963153693367,-1.0,3.279859349397442
0.4180784444423208,0.5797588421660429,-0.019581489039060658,-0.657608662484839,-0.363329785681629,-0.7314602387521003,1.039004974986578
-1.0,-1.0,-1.0,-0.15521241027384813,-0.31189654919220433,0.41356449119436955,-3.77099932728867
0.9516045067653829,0.3203974365717217,0.8235412110911124,1.0,-1.0,1.0,4.014040383965307
0.7969197647047009,-1.0,-1.0,0.5318677949693928,-0.44271695458467997,-0.4685535810444127,0.3860070864800176
-0.42880603033466286,-0.1874787937694517,-0.3608581801024013,0.12931167991534098,1.0,0.004663988629830085,0.23098679236346886
-0.06925021961630429,-0.29511590115552844,-1.0,-1.0,-1.0,-0.5080517449447182,1.1323772092299844
0.04399676686917964,1.0,0.6297443272458321,0.5062120788120306,0.4241481085630604,0.9329001168401143,-0.6567206277286238
0.22245056267405872,-0.06769939329371044,0.43082157407685373,1.0,-0.4987031919560419,0.8600005388449166,1.7031895589743977
0.41857924385500966,0.24903127918091683,-0.0317351122622857,1.0,-0.3084834360880334,-1.0,3.4718588961636785
-1.0,0.012369312964013668,0.7194647655616839,-1.0,-0.6895585631522485,-1.0,0.7819363383049476
-1.0,0.17580177850584755,-1.0,0.6371069144808464,0.011032071732454574,1.0,7.477598191331149
-0.018805410327023098,-1.0,-1.0,-0.31923908583656435,-1.0,-0.2463454165147141,-1.1396571859980302
-1.0,-0.2357123763732778,-1.0,-0.502798526707559,1.0,-0.3714448157005617,-0.841676051714608
1.0,0.7172973819969586,0.9860239744007582,1.0,-1.0,0.4703886418610951,2.7348372607412252
-0.32136702174775245,0.12563242636426908,-0.6655911757598745,-0.6346725727746497,-0.17311640023333524,0.22671986736634586,0.691087810937805
0.4308836546775963,1.0,1.0,-0.3480816745990145,0.5400889916164985,0.09792522486746613,-2.8059048049061364
-0.3603346435846544,0.5209456237197579,-1.0,-1.0,1.0,0.4107195549473164,3.7382419770493693
1.0,0.8615558213973662,1.0,1.0,-0.6384015390218075,-1.0,7.65544653574226
-1.0,-1.0,-0.9691382270795925,-0.5630832529811972,-0.00457671170064089,-0.39675040504300263,-3.344011827356126
-0.040472605437446296,-1.0,-0.368561690920292,-0.8334171765838838,1.0,-0.1390695417933314,-0.7948487277496556
-0.09658359546966921,1.0,-0.03905250976650776,-0.4031892212266085,0.615817480792908,0.6904920355609878,3.6847724986818373
-0.12929251096827887,-0.8733912447355696,-1.0,0.44761597642108203,0.7849264247269494,-1.0,1.449078221423429
-0.77486746040572,-0.32659426539471004,-0.9618537674015938,0.21735540342058374,1.0,0.7067197794502925,3.385071473731331
0.09567871396173233,1.0,0.29438876848658846,0.24194031060391352,-0.47197740835146806,-0.4246560351667692,1.2487231889002928
-0.005561337947626699,-1.0,-1.0,-1.0,1.0,0.5353201897533788,-4.32768145226463
0.4026036387465185,0.30596412949591906,0.6636599652892899,0.605855724298811,0.469595159514822,0.7934380708552184,-0.8130529501173429
-1.0,-1.0,-1.0,-1.0,0.9921191464819761,-0.2532128935066142,-6.202069012771883
-1.0,-0.641541112273778,-0.008627632661788676,-0.6342186292460485,-0.4711347869797107,0.7016700096784688,-1.6343838970801343
0.6928064610981778,0.09261596990693027,0.603337598985034,-1.0,1.0,-0.1741413078919961,1.229778250756156
-0.6611221111404946,-0.13997831952494777,-0.34143151202533284,-0.7802081364772897,-0.24951327263504952,0.8932228735434662,1.0943020225873246
-0.7919345466301309,-1.0,-1.0,-1.0,0.42515360186908757,-0.8160996071484286,-0.9523765123094651
-1.0,-0.14370723154294707,-0.6100848597646287,-0.12197823954561116,0.9242067875448253,-1.0,5.6023791487267145
-0.27079464680345744,-1.0,1.0,1.0,-0.20325592474829257,-0.8545905685773307,1.0403889836214673
-0.48093686440550165,0.4743186149181814,-0.015565180045220728,1.0,-0.18721076041957518,-0.5231295563616343,0.02371456757718987
-1.0,-0.1375150389051456,-0.05152436917528902,-1.0,0.8932851027984342,0.22783796233957065,4.078810180097572
1.0,1.0,1.0,-0.5050594178487566,0.8825326555391602,-0.8593280941529652,-4.214437648377249
1.0,1.0,0.11156551635310241,1.0,0.8152749073829767,0.5853151495494502,-1.1715420421267457
0.5672299038127151,-0.7705440825323392,0.8278825329757793,1.0,0.9196434505508617,0.8335216880258045,-0.9310069196514326
-0.36414032037364885,-0.5537266674473449,0.27894649963574025,-0.2766985554853436,-1.0,-0.8365192791897158,1.5315875582586407
-0.07308823233372266,-0.8182491445823606,0.31891775298246994,-0.19144085506799946,1.0,-0.7093567720043434,2.847059263809562
1.0,-0.5417783726876246,1.0,0.1022572365112544,0.345465404869642,-1.0,1.6280851071434337
1.0,0.3603141829655726,1.0,1.0,0.47299367155822675,-0.01911767947811771,-2.956721586639128
0.5106854777079405,-0.518988661512388,-1.0,-0.9891015209337783,-1.0,-0.9846984182599304,6.309600612750939
0.7352601469391289,0.7231670245487705,-0.34188810249434143,-0.6874383927955059,0.9528911509487201,1.0,4.747174474237181
0.028560483021731198,0.20948553828909167,-0.12678223641059383,0.5013512251025024,-0.04461331313551353,-0.3601441340845676,0.30272772948301185
0.42949876606453397,1.0,0.10716128399283775,1.0,0.7118563574853191,-0.3479851648645372,-1.0090668332310806
1.0,1.0,1.0,-0.11142401307754757,0.1756494104581946,-0.1538423029765391,-2.0810980031708355
1.0,1.0,0.4985444816319682,0.442113173295104,-0.3028214687459608,-1.0,6.34179038676418
0.5173733577939488,-1.0,0.7077800326948165,0.5710752796745132,0.38925315784859144,-1.0,4.110844700773142
0.872119633890325,-0.1293057660427085,1.0,0.1703129218425169,-0.006665316195582416,-0.6188246179628936,1.9866536926417164
0.6658517081541674,1.0,-0.20526763358777295,0.195858956621628,1.0,0.4039636403747535,0.7549884636071298
0.36044554291690406,0.45070613871598164,1.0,-1.0,-1.0,-0.7283236272536968,1.495814363009439
1.0,0.20797510829849153,0.015167242385814017,-0.43508641679929566,-0.574198739735698,-1.0,6.589068895395815
0.8071194349345,0.45643629117610685,0.31876415027701144,0.45510697834825975,-0.2960000752921743,-0.15201707795328057,0.4570030853360564
0.6476436059557463,0.1464286730701858,1.0,1.0,0.007760023911935199,1.0,-2.9877919950885765
-0.5729307990823481,-1.0,-1.0,0.02379950235158315,-0.4638304105623353,-1.0,1.4355652551954163
0.22190509608578068,1.0,1.0,0.5611595066449082,-0.10082759547449405,-1.0,-0.37471243985276204
0.7508621197335207,1.0,1.0,1.0,-0.9102689529146466,-0.6104214532515853,3.15880295543461
0.1441104695697477,0.0888945339252436,0.6572159824931694,0.7511351432172595,0.20263869036819473,-0.49795340886233075,0.5684551604895709
0.09576731807998573,0.1210534640634872,-0.3961662565499637,-0.44101905795647894,-1.0,1.0,5.85897090172251
-1.0,-0.3690013701512007,-0.1261592891217469,-0.930924420947181,-1.0,-0.8502484322815674,1.5737266132504786
0.12296311678089855,-0.031884175046612756,0.6326760172408559,-0.7147140912440584,-0.91023273412533,-0.7583133643389932,0.9054794526950021
0.7348688514984402,-0.5598806675113752,-0.14699827741752497,-0.12565507660276293,1.0,-1.0,0.8146090064844731
-1.0,-1.0,-0.8035723121775715,-1.0,1.0,1.0,0.10052709975575541
0.9016952015700437,1.0,0.5750347898658441,0.28402289273871834,0.7153137303059114,1.0,-1.8393229671012086
0.7506306871556095,0.5142683097648415,-0.1915230808210594,-0.08073504042491444,0.7236829213115115,1.0,2.196909550094783
0.7205837317157456,0.42825498567624476,0.718333887628888,0.0628079991082715,0.6661880208505672,-0.7762095269409819,0.17509735617479932
-0.11963206686212868,0.12687368192688978,-1.0,0.6760300248690351,1.0,-0.8776813956619288,-0.4358006437771169
1.0,0.393536667790346,1.0,1.0,0.6904483461031562,0.17046264639528586,-4.645653017741084
0.7547020581476209,1.0,1.0,0.015688530489981867,0.7714060427004509,-1.0,-2.319373802037111
-0.20448402692591405,-0.05658591323747997,-0.43755486421840706,-0.05073430939717949,-1.0,0.30615000432964823,-0.9568803113131786
-0.6416393577911537,-0.6842061948670557,-0.701761929901807,-0.9309755211548494,-0.9347538474513746,0.0839911649438861,-0.17474264670981252
-0.404345013193741,0.943260235412972,-0.4538818046565456,-0.7707423748695003,1.0,-1.0,3.248220300362604
0.02366805858961929,0.3944852805400959,0.32383342796458725,-1.0,-1.0,-1.0,2.01286160168246
0.6174471526482772,0.2713364775802801,0.9613146126832671,0.35569651357579984,-1.0,0.20001704119217825,0.8012926098113611
-1.0,-1.0,0.6984279947060676,-1.0,0.8577835041970683,-1.0,9.624036356572184
0.448744742348933,1.0,-0.57959506265801,0.3279733985033839,0.27741581705631624,1.0,5.723795923696863
-0.3601827918369719,0.35444018024137436,0.8431232519527783,-0.7612543954687111,-1.0,-1.0,-1.9358331458313212
-0.6809233016169101,0.5114656588708617,-0.5405042882769581,1.0,-1.0,-0.7627021827642637,0.005320047777014447
-0.2959480800168742,-1.0,0.8046835581354844,-1.0,-1.0,-0.9029051652535669,9.344044414660894
0.5234478210786129,1.0,0.27655404229255387,0.6400576788734328,-0.8913094981521804,1.0,5.226278862860736
0.8339612700070247,1.0,0.44571562365898454,0.8440778327057694,-0.13704974494942235,1.0,1.4564070481628
1.0,1.0,-0.132772267593264,0.8814954106627376,1.0,0.03274760613533578,-2.2373233569922735
0.1985617175845238,-1.0,-0.23109500214978618,-1.0,0.9628838283113755,0.6386582311259714,-1.5440489616425002
-1.0,-0.9457872679896496,-1.0,-1.0,1.0,0.8041852819380185,-3.7641073276340546
-0.12204465517493601,-0.388544976697346,0.3776402798501187,-1.0,-1.0,-1.0,5.042053137489236
0.4718407527138438,-0.723281942788625,-0.2517723527808344,-1.0,-0.8866212334343722,-1.0,8.28872345613637
0.4863692657517321,1.0,0.3344235066242027,0.03635581442150042,-0.2325080699385358,-0.47034253543465243,-0.4974203429396283
-0.3246983158643162,-0.29311993873815445,-1.0,-0.006104262883238343,-1.0,-0.9131044435332573,0.5048331934428387
-1.0,-0.2752787585846308,0.2648790159421497,-1.0,0.35373830319664,0.7062511312607511,-0.4585068241350751
-0.07561643440510735,0.7910713519424449,-1.0,-0.7209549297167297,1.0,0.09423916498610807,2.3829831784644373
-1.0,-1.0,-0.6474906249138286,-0.590034141748584,1.0,1.0,2.321721519087701
-0.004627168271952087,-0.03580405579887924,-0.4061204018143016,-0.8697507944667875,-1.0,0.3498515712997413,1.9185104569889426
-0.9212102293664015,0.5363906877106268,0.3046074612981245,-0.7159797638818148,-1.0,-1.0,-2.4684718954000675
1.0,1.0,0.6385145998292958,0.5467958391798007,-0.835066892130403,-1.0,6.289925357388723
-0.4390575502545373,-0.5586915217590576,0.610775320346632,-1.0,-1.0,0.6357056940844479,0.7324541482158698
1.0,0.5811807510165732,1.0,0.6602804886174176,0.9242461125548518,-1.0,-3.7106015147721503
-0.31449740142129046,-0.8759821223057513,-0.1292024809053931,-0.9279191616073471,-0.6762137000370498,-1.0,5.285278776369976
0.08160690193175874,0.25588086895106316,-1.0,0.1369383218855127,-1.0,0.0001360949584969795,-1.4583133157342378
-0.37287090655523314,-0.04681015863810711,-0.8802623109001195,-1.0,-0.39081769579107506,0.13918135918857094,-1.3132425714643592
-0.7865177516191808,-0.14906104244520346,0.751849036688882,1.0,0.28031658993068204,0.14136810999433436,-0.6710990848931159
1.0,0.2149507355146265,1.0,0.2549298401767969,-0.32678714201604764,-0.08804727662603684,2.076623911950194
0.29810599718415287,0.6480091069812663,1.0,0.030257171194284505,0.21412850451826582,0.07420536395791943,-0.4396203722772253
0.3173351496938528,-0.09214505769900194,1.0,-0.5281244428812122,-0.6229858076596011,-1.0,2.728278142167985
-1.0,0.3892634984669128,-0.8603195093715509,0.2723368269413884,1.0,0.7756823143595986,6.039857716987713
-1.0,-1.0,-0.9317405408053092,-1.0,0.011292884381770438,-1.0,3.2338281572771725
0.18234394398379083,1.0,1.0,-0.12621855280078853,0.48386692177830415,0.7360713059365848,-2.9806018033280473
-1.0,-0.592702948891097,-1.0,-0.5348935911703088,-0.6272459327029898,-1.0,3.5882242906971404
0.6784349810328301,1.0,0.275677390273249,-0.3392540435931659,-0.9531693565808741,-0.13010480058680196,1.5137692877203717
0.22277620202478088,0.9609190120479378,-0.06337962881928824,-0.3859787846289595,-0.6928659425023217,0.7410355844720989,4.513245614833825
1.0,0.9792479324136825,0.34111247362863395,1.0,0.5260695361676608,-0.011591112574214413,-1.3202299039539325
0.7920113501145879,1.0,-0.2095343572105217,0.7455520438908819,0.9469460276529016,-0.5892918419967885,-0.7039956276360007
1.0,-1.0,-0.4826382689666781,-0.6768862173269088,1.0,0.42904571520394374,-4.757792841199624
-0.1886857944363638,0.48198579932515945,-1.0,-1.0,-0.48242447604981253,-0.8637095724516799,0.15405302050576286
1.0,1.0,0.770207169855327,1.0,1.0,1.0,-6.656250540987421
1.0,1.0,1.0,0.5151149368443271,0.08753002410077182,-1.0,1.3551323557096548
0.8493989385170915,-1.0,0.33923938683697896,-0.37828945104610356,0.46389376105841756,-1.0,6.185567238876792
-1.0,-0.03325031873054479,0.5787854196318167,-0.2880208227268273,-0.21510873759079807,-0.1235646085869645,-1.4035297898019432
-0.2267863760631147,1.0,1.0,0.4476922792578186,-0.48993043093819644,0.7115859509575301,-4.215925247468397
-0.3799221145475735,-1.0,-1.0,-1.0,0.7305956309646259,0.6838965643711237,-4.145656049880824
0.2911353592759869,-1.0,-0.5886107063953238,-1.0,0.07865640244255924,1.0,-0.3725519002584109
-1.0,-1.0,-1.0,-1.0,0.8953858656349138,1.0,-2.2526175161941113
-1.0,-0.5876659230560958,-1.0,-0.8248901804390794,-0.5619437705475554,0.09167534366960961,-3.7159588725881507
-0.42342951271107265,0.6063241313612023,-0.9277680499613788,-1.0,-0.8405974508476086,0.07053257316033801,-0.9759333874613607
-1.0,-0.0446526975796753,-0.2075630985587269,-0.07312372887342064,1.0,-0.0260771992761063,2.7391124764997845
-0.9516287271575997,0.3057896638028814,-1.0,0.9624434704849327,0.4513648679864981,-1.0,5.590129283552166
0.14161834154739977,0.26640315743896764,-0.14919803375204976,-0.1671530020132015,-0.538234251770838,-0.600675440555472,0.4092872213287788
0.2678641057391795,-0.5056246859120346,-0.07160062108088713,0.6720052802436683,0.8457132136926786,0.38188823725326704,-0.6373036689337368
-0.3985268203770417,-0.33560096496215985,-1.0,-1.0,-0.33806405161117564,1.0,6.264834706061084
0.6770264480071884,0.6624967705265801,-0.22036317983135245,1.0,-1.0,0.6485855506846521,4.5166731639667015
-0.5082114331822953,0.43252236501998764,0.5212484450787622,1.0,-0.5325147426053469,-1.0,2.6587835300502674
-0.9363657742528257,0.4085313012012601,1.0,-0.01345550973100168,-0.2992742171012016,-0.8338292859812221,0.48043115004748665
-1.0,-1.0,-0.9139124885544415,-0.15140233428333338,-0.2428894275161457,1.0,1.8295134186794908
-0.9175205290628865,-1.0,-0.07061174536180537,-1.0,1.0,0.35261799676631767,0.8900248700487003
-0.9570241499397256,0.3572643259917476,-0.9161924113991402,-0.0039214356480516965,0.7716505591884333,0.3093770778053262,1.3208012312477884
0.5542247701537606,-0.5868178361187765,-0.4164497857886345,-0.23719737006768565,0.004495055497893058,-1.0,2.9172328457040653
0.24533221008424055,0.9030551287483042,0.7380778261444669,1.0,-0.37621851485606217,-1.0,3.398483097480662
0.7181426202361781,1.0,1.0,0.6074980110761659,0.23779539659591623,0.38456972791992483,-4.762086205871221
0.2908816115076034,0.6858498244169842,1.0,1.0,-1.0,-1.0,2.2672885091368187
1.0,0.5499066889467265,0.623237850455413,1.0,-1.0,0.13746931690630387,3.4202275497048165
0.16301348727134246,-0.5302222566797425,-0.04292115014437692,-0.6568057077011558,-0.739319972970538,1.0,3.945742673491241
-1.0,0.4190805603865421,-0.904569618149036,-1.0,-0.4378077302996035,0.10545644370088661,-2.177950474680724
0.3269414669456543,-0.40700228555699014,0.07143436583208485,0.13070766918447774,-0.06475298710860011,-0.4622200171018428,-0.19991252124792036
0.7445773550616986,0.06963364756925505,-0.24041141468294563,0.7279977481118077,-0.33517353197050437,1.0,4.624275146934939
0.04640332659650559,-0.3026199600114128,-0.2582086448336242,0.5617586475737406,-0.7099555281278025,-0.2360086723856174,0.5811671934420977
0.5954942932929912,0.5774628333925782,-1.0,-0.4706613823243123,-0.270941585725172,-0.31224222971331694,-0.35100927839939877
0.9160515567150118,0.6449385594633907,0.8984570535927399,1.0,0.7108236785511387,-0.10155573878358204,-3.4002225307989122
0.9112055766022715,0.4812081005260869,-0.6942552362944701,1.0,-0.31327103811832213,-0.05207573435891388,0.9455516310734913
0.7561167534725131,1.0,0.05394428124572859,1.0,1.0,0.8215133431253099,0.028893722634751984
-0.8876460726911826,-0.5086424660407278,-0.7897109860966209,-0.6877629437641873,0.29259354901695245,1.0,4.602873308507251
-0.6083298222527465,1.0,0.22086035529170667,0.560917142141617,0.390055853927902,0.1720299198194668,-0.4836402438779419
-0.07361974123809678,-0.8931669063490466,-1.0,0.2285049008060862,-0.1682452400186445,-1.0,2.3713143835183104
0.9383926522190409,0.8552491392120045,0.20892637892258648,1.0,0.8235130342236118,-0.47730167902438403,-1.0461245087943973
1.0,-0.7227828171974326,0.16071093101467798,1.0,-0.3806962492987171,-1.0,7.895450882634023
1.0,1.0,1.0,0.19080021824410687,0.9791365387375561,0.3874918891385772,-5.929267723617113
1.0,1.0,0.36580521038673297,-1.0,-0.135998240483296,-1.0,4.159001322781503
-0.7625309425897575,0.9513049607002143,0.7466263332735192,0.9669648844372811,-1.0,-1.0,0.8350227616664526
0.22409317720975408,1.0,-0.23924460837515185,0.0034148422464209682,-0.999978692119779,-0.27239831687835636,1.2237569230995773
-1.0,-0.2582041190841107,-1.0,-0.6842715496468772,-0.021009660141731834,-0.13392893445655718,-1.896826430843752
1.0,1.0,0.019631922388289036,0.871239545522761,-1.0,-0.34768201377483804,5.2629641590126015
1.0,-0.5790223075618912,0.7209932248552686,-1.0,0.20171681434390945,0.9099066638867064,-1.9993215373410003
1.0,0.473342528936741,0.06317170954786,0.9857912085684877,0.0042374894652506545,-0.06497667056065604,0.26228872045513046
1.0,-0.015161234757529951,-0.7076998407568487,0.6881807214501695,-0.05491603976065107,-0.6037168277668999,0.769480941630784
1.0,0.21918669753689746,-0.28367826844305855,0.8668987911760382,1.0,1.0,1.6677997586259874
0.4734849333467747,0.1023018060124503,0.28217156808732036,0.6829981436783292,1.0,0.42081758667104596,-1.6833874505686506
0.05321813245729157,-0.193138456118412,0.04002343605654768,-0.4502143064929785,0.4521452478128817,1.0,2.750251935839854
-1.0,1.0,-0.38232481171355226,-1.0,-0.8512683458138417,0.3420697382604614,2.2943113216319087
-0.8505387945742815,-0.3764501461322832,-1.0,1.0,-0.5122643504190422,-1.0,2.4377620794385613
-0.318467919921057,-0.9045807024817525,-0.5511983317080054,-0.5485587565533985,-1.0,-1.0,2.4788818199398297
0.16220167750162573,0.22906205469943308,0.3215236115065083,0.6893331776685803,0.15875223525175053,0.9490331204108089,2.1419479003253206
1.0,0.795324208333471,0.6831536384262298,-0.29687674381597884,-1.0,-0.770857439295127,4.730394345097248
0.5932264332983299,1.0,1.0,1.0,-1.0,0.3524164998462518,-0.12429557952912146
0.15382384101907126,-0.38896611112782165,0.6107662213310425,0.547214518260447,-0.8314556654700422,-0.7377590771463259,1.7935072415664146
0.09771110618679513,0.6780493812629904,-0.7938744167094801,-0.97074269094073,-0.30819144947899413,-0.8518158351126577,-0.9332151352808544
-0.9303088880921244,-1.0,-0.09893933240706476,-1.0,-0.20165339242343583,-0.8801669403554164,3.2070563491547426
0.29584712154037596,1.0,1.0,0.2205095617154531,1.0,-0.8688659642274291,-2.5084766660186926
-0.02278181070137031,0.016432621610575487,-1.0,-0.9924936712602044,-0.33169135579625975,0.3477677561391153,0.7104698926015215
-0.2606942075631503,0.6507050155081254,1.0,0.769573723506477,1.0,0.6362810499471412,-3.2719919586928814
-0.0712054220687719,-1.0,-0.8394266821530261,-1.0,-0.4990945602974305,1.0,2.2914814273638555
-0.4176524159716959,-1.0,-0.10766677192187735,-0.18524493295138067,1.0,-0.7244329474409691,3.87864764497684
-1.0,-1.0,-1.0,-0.08943277259972571,0.0069174239204284615,1.0,3.113269735542808
-0.4188041001560887,0.00931301290321851,-0.1994062718135642,-0.5992787275608749,0.040635234059127834,-0.3746814607667201,-0.9617895865597248
-1.0,-1.0,-0.6471196244133153,-1.0,-0.5974682548776449,-0.4848776390975381,-0.1765125596910206
-1.0,-0.21171591127926415,-0.8997324012635779,-0.14593660343116754,-0.12421927900662655,-1.0,5.777796757374322
-0.8890334087398861,-0.5242920728890195,-0.10120344955522587,-0.9998942860261433,1.0,1.0,5.769035878819279
-0.6627441085739147,-1.0,-0.1998475051767813,-1.0,0.09792901309431279,0.8160442237968984,-2.4520429442056444
-1.0,0.4235592568846996,-0.5962502288083025,-0.02901242545038818,-0.45332877551086137,-0.6806228979168643,-0.28735177403579926
1.0,0.9452659392532248,0.9211038771627451,0.10808143923066371,0.1326994039810696,-0.4311037204995991,-0.9430478208151596
1.0,1.0,0.48246196424907783,1.0,1.0,0.7047853290808368,-6.243583498662558
0.5845132561133985,-0.9279119509292381,0.8110883305409606,1.0,-1.0,-0.8449398225236744,7.818548013098422
0.028382152237569375,-1.0,-1.0,-0.07279071909211443,0.37940658948988526,1.0,2.546977568128071
0.0006361270649869466,-1.0,-1.0,-0.12149070959814323,1.0,1.0,2.8814849785432277
1.0,1.0,0.028586340316962833,-0.033871327591903366,0.7731980318260734,1.0,1.615892456029807
0.4508738471401547,-0.3496655537681426,-0.12450979442709986,0.3840956562344089,-0.6981928649490979,1.0,5.336570836202251
0.8182231999510066,1.0,0.3661052478050933,1.0,-1.0,-0.4501289782693335,5.99476599352067
0.006440805530400717,1.0,0.7192576073176041,0.8781069832003291,1.0,0.550155872251328,-2.8907426067138173
0.6792029401820041,0.5523352704216484,0.3331164943679657,1.0,1.0,-0.7971454348088,0.011499646407417088
-0.16990906619057966,-0.18559098411425268,-0.3471702719293013,1.0,-1.0,0.20706552853738425,0.525485001173804
-0.6954668883170656,0.6029323803688345,1.0,0.6036580701493355,-0.8626228270399536,-0.34588078139592593,-1.2761623494592198
-0.6517632848996797,-0.13227636370581675,0.6670002080551396,-0.0367983267630085,0.8579546883741214,1.0,1.711870274930485
-1.0,0.04065543401425353,-0.25388062465657124,-0.22576904618448101,1.0,1.0,6.561857971585427
0.3814253621801467,-0.22240736404225417,1.0,0.10425325244322348,0.11486403491469566,0.23737715874227028,0.14961506746722075
-0.7159316197652046,-0.49256062401397305,-0.07003253844432678,-0.3986788934124378,-0.3047709459495017,-0.40510579242021927,0.5299885407738316
0.7832461818776357,1.0,1.0,1.0,0.7058907504607931,1.0,-7.960824391911948
1.0,0.6663462508550677,-0.5211962155932073,1.0,0.3264835160263928,0.272172486287242,-0.34246581496484485
1.0,1.0,-0.44979164741157274,0.34146376078377105,1.0,1.0,2.414589762681507
-0.18067380658794413,1.0,-1.0,-1.0,0.32400242144543207,-0.3937244526917463,-0.2273879468428859
1.0,-0.3342418663777091,0.280373465541218,0.7950944799248405,1.0,-0.026551753324259075,-2.044107631287849
0.3020982841580312,-1.0,-0.6848869607304953,0.4751923913622458,-0.5806859557569144,0.7259750341939387,1.4801359611261544
1.0,1.0,0.22724044814498723,0.12983488595075965,0.7210657066591525,-0.6726355773619777,-0.587120349146285
1.0,-0.3550342787502057,-0.15763353104504862,0.5497132135555403,-0.3587273328845424,-0.8607534711077969,4.275637730253315
0.3893685977474528,0.6889765323208592,0.10974626892538947,0.024763418248784863,-0.1326152115838275,-1.0,3.5890553696225838
-0.3418157046915057,0.8750402938861381,-1.0,0.21900754904390063,0.18200406335134534,0.6810266987352762,6.161164366415684
1.0,1.0,1.0,0.11305241035258984,-0.5322658092032592,-0.5046248026617128,1.5229820085357613
-0.7951974659281328,-0.7180682184090199,0.1602539751340546,0.3305589128408676,-0.49770082966851636,-1.0,2.5400551609212503
1.0,0.6310439831875305,0.3436094166648935,0.39769628702207127,-0.54211031855724,0.9017273238783015,2.992939897799073
1.0,0.15092821615134122,1.0,1.0,0.35739882440130466,0.7478884132795243,-4.224437855643849
0.908174029777487,0.8339650670871683,-1.0,0.5022221134886039,0.6766773632948391,0.44143052872869415,-0.05983183111590917
-0.9607604053066383,-0.4607496912632876,0.35192171131097916,0.675473583041214,-0.3419762105958477,-1.0,2.228715761754308
0.6662065849292493,0.6137731011188907,0.5994565523134692,0.0498593500128135,0.5223033840921509,0.489651647103186,-1.1183755806518634
-1.0,-1.0,-0.6537574649284033,-1.0,0.5056420548201077,-1.0,3.235514878586814
0.5004623082288863,1.0,0.3520962798514431,-0.382667235754263,-0.9612819990645816,-1.0,2.3354177885071703
1.0,-0.3089005478223359,1.0,1.0,-1.0,-1.0,8.873308729915948
0.21255546733747477,1.0,1.0,0.05611036136081249,0.2811381130990689,0.9994335846336009,-2.4820321071236426
-0.05834861950166931,-0.7943224751472949,-0.4465732502683306,-0.9805705219277707,-0.7246591514392493,-0.37497352587795774,2.460225747585277
0.7260822319774214,-0.5954056006795783,0.8577019829107835,-0.5219935802661841,0.21640249315458038,0.12561344966391455,-0.16556408777219783
1.0,-0.2753590946756286,1.0,0.2807187716040961,-0.37418101830532025,0.6465583304579127,-0.6843093699175513
0.3105091517949503,0.20910642376611088,1.0,0.8419107918525858,0.4692889545624707,0.24797560231473445,-2.600217942746111
-0.942101610633267,-1.0,-1.0,0.8042235069354441,0.9305479985537835,0.4261266207276145,-4.739636878122651
-0.05388976542399936,1.0,-0.5112515588919936,0.4801490429929619,-1.0,-1.0,3.037415376185928
-1.0,-1.0,-0.0073828273375960984,1.0,1.0,0.6445071056729671,1.6170758664564473
0.219522256190135,0.27320177707442106,-0.5791935968512945,1.0,1.0,0.39699106788219113,-1.0813479096717817
-1.0,-0.38528455898578895,-0.23848089940165806,-1.0,-0.869121391600484,-1.0,1.8435587978661176
-0.3077930014766795,1.0,-0.17019133864045674,-1.0,-1.0,-0.621491836375645,2.2007375460418315
0.8918693325474938,0.9504440255554858,-0.4617292584832665,0.7572694434060736,1.0,1.0,1.859246089811853
-1.0,-1.0,-0.7263934396522949,-1.0,1.0,0.4301562001461405,-4.169246835049783
-0.352476167726641,0.6483764773045393,-0.17172240349293705,0.6199432577948124,0.022404097151019375,-1.0,2.8782905066775752
0.46996768065430283,1.0,0.6720300481375943,-0.34091242898458884,-0.023094939953371307,-1.0,0.607915223259603
0.4837371936669136,0.9189266234661383,0.1897346285735894,-1.0,-1.0,-1.0,5.996654407336479
0.7498107040235731,0.40860729416430003,0.9340280249646672,1.0,-0.5113301738537571,0.6722581433597663,-0.7312387191446598
0.07288198118245448,-1.0,0.0426933501142035,0.6232104347985968,-0.044970433836625245,-0.31464354234496617,0.17014651359131241
-0.17441184351219774,-0.9397030665475569,-0.1495302656834463,0.29537708986377265,1.0,1.0,3.1351736063979208
0.9896714290123056,0.17995023471437124,1.0,0.023564226469312555,-0.47041721488187793,-0.19959535164000686,3.6396975784521066
0.0766354237318349,0.9504571868099527,0.45934660742513433,0.1402350407500873,-1.0,-0.16109507015037128,-1.3587181851631458
0.23731802388837964,1.0,-0.24671565563956477,0.12339774240728674,1.0,-1.0,1.6231823351014354
-0.8993218043871342,-0.32097163818339136,-1.0,-1.0,-0.27594674028312316,1.0,4.527680750502067
-0.6616996219929818,0.29094441674362215,0.346102475746638,-0.9275232324982234,1.0,0.8826168234714666,5.048792017409402
0.7664760513262097,0.5237889343608852,-0.04307623176141784,-0.2205838625631309,0.34088312266111576,1.0,2.59937030408823
0.7329896170756205,1.0,0.7728328025927269,1.0,-0.5735799739643745,-0.03988355351025619,1.4008792079011736
-0.7446140553158532,0.05747021929888474,1.0,-1.0,1.0,0.5284219161821371,0.569973938992398
-1.0,-1.0,-1.0,-1.0,-1.0,1.0,2.6217735838456497
-0.7663264970664072,0.04440839610330603,0.03987711363213775,-0.6764714664612103,0.18820114731511,-1.0,3.8157636040074063
-1.0,-1.0,-0.27643036442326463,-1.0,0.5427724154451781,0.04134593818705798,-0.4020494998479559
-0.17054148588457593,1.0,1.0,-0.3907077327850475,0.38961969777460936,1.0,-2.237778616594504
0.35315306574721533,0.13296407872907157,0.43305276034272333,0.07805253062957718,-0.681707171314713,1.0,3.4377248117506616
-0.4121346944182898,0.828844365701127,1.0,0.3467078890595494,0.2539569137933616,-1.0,-0.5347842007671193
-0.04995829865535317,-0.76024270229643,-1.0,0.48552807826932903,-0.8201202710868649,-1.0,1.0183166404000907
0.04653937276425246,-0.07551028490033719,-0.07100302464978031,-0.5881656606865343,1.0,1.0,3.5221079887900597
-0.5532398285691758,-0.9375649782349365,-0.3169499936566833,-1.0,-0.34971361877630963,-0.03150107037642065,-1.09919633703191
-0.6883888410562502,-0.8271687248262265,1.0,-0.49576437722787065,-0.3348709594192778,-0.8977009812773222,4.918256201465901
-1.0,-1.0,-0.04864153894797979,0.03597460312872902,0.0660169305868119,-0.3744993832401423,0.6181111163262671
0.9723952537296991,1.0,-0.2512325540592808,-0.7717948787547194,-0.34050756072301086,-0.16070695485380898,3.2986854625364166
-0.1770175200759463,-0.8913921048255731,-0.14462621299308132,-1.0,-0.5026063170716313,1.0,3.1334424618836
1.0,0.9999244252485376,-0.8225925962149035,-0.22416096060724244,1.0,1.0,6.011371003582262
-0.2821246561388299,1.0,-0.3000721248973232,0.1909967462334652,0.7857871901528486,0.5304820916846046,3.5257880376370028
-0.35117138896854005,-0.3460488548146468,-1.0,-0.4754860569833468,-1.0,0.14706483890135819,-1.9054537648397982
0.003816742485997393,-0.35254264405286095,1.0,-0.1543974783948694,-1.0,-0.18676684895774698,-0.38796218010753253
-0.3848946386894544,-0.9181988022622536,-0.2543560403989167,-1.0,0.5548679644734266,-0.29011439467060574,0.7739674418864009
1.0,0.8943430516104012,1.0,0.9931971842714544,0.2771280640568976,0.4740239010833265,-5.287964841208138
-0.8498617228818351,-1.0,0.03775440813650094,-0.16458785919775387,-0.35114201782864385,-0.39212053816840176,0.060897254646709253
0.8993841273742221,0.4550988203634464,0.33855862543421567,0.11971334617988183,-0.3148261238154513,-1.0,6.474474058394119
0.8815246805336502,0.8614825989559396,-0.8658115874619116,0.4647726716443597,0.921345715741396,0.7799119208769718,1.3331842411672836
-0.9551954360840225,-1.0,0.8695383826416646,-1.0,-0.24358237361520924,0.6662873081497267,-3.8775400271633367
0.6869234956984824,0.839783058534701,1.0,0.6297815522809043,0.28035903043029364,0.9457172768814375,-4.077165641165217
-1.0,-1.0,-1.0,-1.0,0.8912128141766377,0.8647076126272184,-2.5839018071544446
-0.9885386096689766,-0.3963881608794844,1.0,-1.0,-1.0,-0.3045920286190664,-0.21940064444784269
-1.0,-0.31216346678441975,-0.5554178833644635,-0.8627576245935039,-1.0,-0.5689109221433845,-0.04025654879413368
-0.09635409369119913,-1.0,0.010248675300997268,0.052598363653987304,0.4191752243370306,1.0,1.6760164304869674
1.0,0.1290391202852302,1.0,-1.0,-0.8768028404198434,-0.39069747890426554,4.851155229330626
0.17113019790437378,-0.2872653498666643,0.22256603471781544,1.0,0.5075829447592122,0.5096556062487971,-0.6681700181253623
-0.4099273118495276,0.31438084846813724,-0.6280999339138033,-0.6273973492386671,0.2407554669752261,1.0,5.962641148954431
1.0,-0.31132521621258014,-0.7113763324883058,0.8088973722734523,-0.2016519617980091,-0.015612184755103842,1.5175113164595135
0.7418501797076189,-0.3390073372173551,0.09273020351210248,-0.3562924485190595,-0.20054666209568472,-0.6701065458255318,4.156397843712011
-0.03754962021992855,0.4387764250397273,0.2834872417579633,-0.15421296226741812,-0.17547955614080646,-0.4884460295558268,0.6135485223736517
-1.0,-0.0227758838030796,-1.0,-1.0,0.9790533135226626,-0.7566809827437048,3.2302382333056228
-0.4605122525201758,-0.07577999233280791,-0.20836943125238264,-0.24371075087071203,1.0,0.8580941253668458,3.780692735447761
0.08508488225559702,1.0,-0.8263559414749556,0.23790776580895567,0.7681641066040462,-1.0,2.9637341076429684
1.0,0.2788199375298556,-0.8666247951576125,0.23122529493686397,-0.08130942437936906,0.08476510206516308,-0.007391368654120267
-0.7235178324096965,-0.9552719216508669,0.1583959371896127,-0.18592416765733233,0.7375142408006797,-0.6285631965229337,3.634026475911054
-1.0,-1.0,-0.6250318526752601,-1.0,-1.0,-0.7589263422996071,2.3549541624694195
-0.0015339461740094817,0.7464444349502812,0.15609309514391173,-0.5663642122514325,0.22457845717548808,1.0,4.428993208192582
1.0,0.9016147905733916,0.12700399353902758,0.3218802170871846,-0.11510822044251057,1.0,2.94577267361871
-0.7105419056557103,-1.0,0.19246403496434267,-0.3273505831833805,-0.16440010201154842,-0.9073077748517495,4.766308190163427
-0.3362533023290091,1.0,-1.0,0.43064166921476454,-0.14436118223422167,-0.6212063988327023,4.09443971945168
-0.3906205408847946,-0.5583762948711448,1.0,0.7178273655933081,-0.3982963562084456,-0.9088095795902118,0.28495943409143276
-0.7402719158373596,-0.19810011921931125,-0.6181437497688355,-1.0,-1.0,0.3365033246563756,-0.6861793059300908
-1.0,-0.36234171046193714,0.3222905656872315,-0.24642512346065854,0.6830546824523249,0.5669025410285614,1.1865901577179037
0.09970331072077077,-0.005919699979103965,1.0,0.35097555775326983,1.0,0.8614309666800632,-2.0449029727173973
1.0,0.3746285698774047,-0.06890480854013142,0.11807763388489764,1.0,-0.4241764558762542,-1.537305812200842
-0.5931739481488898,-0.8655691630449633,-0.9473186696278468,-0.43222586587866135,-1.0,-1.0,0.901499186525691
-0.4068966167353123,-0.19552347975958972,-0.45764939380361624,-0.8694820975567616,0.4784905777251345,1.0,3.9934293399434075
0.14469910624511229,1.0,1.0,0.3995735632772158,1.0,0.8318163553504596,-4.165299832272524
-0.9506574977627896,0.08526842210893992,0.35405206797050615,-0.5251504903013247,-0.09806839886244545,1.0,-0.44873930708296367
0.4444814029766982,0.4913077138267283,-0.17233778599339822,0.5401814599548467,1.0,0.3521971976908036,-0.4255623274139392
1.0,-0.06457473750344278,0.9294725589846785,0.9017105357817169,-1.0,-0.9499848002461271,8.642822616975309
1.0,0.19420869280537123,-0.02098465305975325,0.5221715504909856,-0.6353078181151648,-1.0,6.904289420996231
-1.0,-1.0,-1.0,-1.0,-0.5324630240916866,-0.3172809432980819,-4.3570315021025925
-1.0,-1.0,-0.2502483761660277,-0.25130685999647095,0.9915305618738814,1.0,4.221952406318474
0.46053916109429194,0.8915502445567304,0.7024025200693839,0.6723529876722218,-0.9143924319474096,-0.5245182237909841,1.7095748170570182
0.38454693244713334,1.0,1.0,0.21932712861501158,0.20063272428843523,0.08573282472246835,-2.2568598818808754
0.38612971544412855,-0.7884424887513592,-1.0,-1.0,-0.5821844968798375,1.0,4.796819248206196
1.0,0.750335394369548,-1.0,0.04660343773215968,0.20104073371257572,-0.8277531691671576,-0.13059577681254242
1.0,1.0,0.043204857689591314,0.4031188919774849,1.0,0.8072911812389696,-0.6633740412565818
-0.2098065857545321,-0.08559427002758535,-0.1720937888832435,-0.4910604869773048,0.4568631028675534,0.29906633301092866,-0.23153739311105703
-0.6246395224453818,-0.7122647694325328,0.23299300525206013,-0.0664403074269675,1.0,1.0,3.1809288967872225
-0.5793066428368376,0.9999701378894066,1.0,-0.3160037143485499,-0.8489135108633911,-1.0,-4.605963597783139
1.0,1.0,1.0,0.7816597699443797,0.6267524262445197,0.6407719321675449,-8.093238165309911
1.0,1.0,1.0,1.0,0.8713901683986894,0.5164788803493882,-9.596133539466306
-0.001781833281525591,0.514791913159184,1.0,1.0,0.41894283151012096,1.0,-2.83454314610615
1.0,1.0,-0.03369348406932893,0.042870394358437536,0.21533406475928774,0.4727675897083661,0.6965048067552508
-0.17414893716619856,0.2103080587784431,0.5624760984910436,0.9826812373735576,0.49020311334434985,0.6534179977607475,1.1564868392613616
-0.9777705250691837,1.0,-0.13725291118436111,-0.8486853110146749,0.9944385800248212,1.0,9.584142243132256
0.06385703513848329,-0.4934191859941338,1.0,0.2152146689377069,-0.47866582480388287,1.0,-1.4557855634500472
1.0,0.6896873693480583,0.8804459803426732,1.0,0.6451687201589787,-1.0,-0.6044969258673253
-1.0,-0.6201415575288064,-1.0,-1.0,-0.5870310809390846,1.0,2.989013095900674
-0.12481573903392817,-1.0,-1.0,-0.7943371098647285,0.29010081486702644,0.09282852920866702,-4.133371080115774
-0.255487057494427,-0.1313058133816529,-0.6487501629582367,0.580904947778184,0.4095035020319786,0.7159405282508832,2.4637829596982104
0.3420143489009755,-0.8527480854759419,0.5221716075613665,-0.3657267586763129,0.7341898660820129,-0.3309118365470589,1.343445807036958
0.010353540507962444,1.0,1.0,0.7350545931618715,-0.03248356517570222,0.7375104689795391,-4.331013424174371
0.49024624716003906,1.0,0.9585280998795653,1.0,0.33776210627589875,1.0,-5.630286575743029
1.0,1.0,0.9972378974301188,1.0,-1.0,-0.5698027958794414,6.039602901058794
-0.31500347281079827,-0.1538344131446685,0.19080969262228076,0.4744746737666963,-1.0,1.0,2.271399550943101
-0.6267182815221857,-1.0,-1.0,-0.7931698130541378,-1.0,-0.7535447505144182,1.0380597135448417
-0.42394240269134986,0.16887033554838876,-0.12168944895310085,0.6709012717387148,-1.0,-0.7991362119154362,0.1972182519067449
0.3589680629637604,0.896078659585219,0.24701697610520879,0.31256322211852416,-1.0,0.420549194737707,1.5241111106879137
-0.2785500698725514,0.37145115998893796,0.5082680885903539,-0.13552038203772931,-1.0,-0.7193954123423367,-0.8120718002452638
-1.0,-0.20358879829600318,-1.0,-1.0,1.0,0.2915144911610092,-0.5919702064049499
0.0034176997823532895,-0.022601442407273353,-1.0,-1.0,0.268486603413575,-0.06685238415298622,-1.1493078939411865
0.7720700613607873,0.9827850742811695,0.21377068764848262,0.6674603947537636,0.38740223112241157,-0.9655585400049947,2.09321306228167
0.15269539677671695,0.036403359273166846,-0.888340806637386,-0.6353563807875626,-1.0,0.36349010779267205,0.4163713965232335
0.6584781551848877,1.0,0.1605142697307107,0.8127969618305209,0.8927355565530752,0.7231235507690187,-0.17124118073540573
-1.0,-1.0,-0.16416839732937405,-1.0,-1.0,-0.01523315259840663,1.7933389165612672
-1.0,-0.7853047250455505,1.0,-0.4548943687188185,-0.7026136168476294,0.32284435585970966,-2.4661961176507647
-0.6959940595831465,-0.8273242127951499,1.0,-0.8170762498625506,1.0,1.0,-1.759539866982928
1.0,0.040414039756606346,-0.31470183465606194,0.04529274083455492,-1.0,-0.1806292435183965,2.6019384539548827
-0.7999171957851245,-0.32501398551097993,-0.2166031783578901,-1.0,1.0,-0.08711809938039673,4.632703137023109
0.4447949665264761,0.2193260789961492,-0.11306220665368372,0.5010930016545574,-0.573232554791251,-1.0,4.975868778628517
-0.2818694986817003,0.34167857187343925,1.0,0.7630987964227245,0.5084353034972218,0.5918389206583075,-2.163887000930924
-0.9059763223837951,-0.6141452055951226,0.21771034385348526,0.5587409942146244,0.7776278939660655,-0.228578500610012,2.56087109826533
1.0,0.11976438494719499,0.5118776418630122,1.0,-0.9030783942981973,0.23422157887096118,2.419549425684255
1.0,0.8244436241159194,-0.020446213710102523,0.9499479730502064,-0.7798693646731623,-1.0,8.53608405300092
0.21921124794868974,-1.0,-0.8506251800890949,-0.5733946250862967,-0.14142580278429173,0.12780048824669665,-2.48794539995222
0.5747035139307967,0.1739235938116474,-0.20724963439657942,1.0,-0.47087258368577634,0.3702303638318287,0.8048002777188341
-1.0,-1.0,-1.0,-1.0,0.256086097817562,0.0015665489994923232,-8.037089584858842
-0.5149379212844376,-1.0,-0.6630246165839012,0.8780508323612394,-0.41586782194642447,-0.46781394778512975,-3.259797084725285
0.12208274446943233,-0.1558068156436378,0.11759512700025349,0.9048899964482557,-0.45868653267274606,-1.0,2.92794528441675
0.47111629980654596,-0.12804728037113355,0.6216207429130058,0.18723791992992755,0.6663570833478412,1.0,-0.23952972918522164
-0.07979995774894477,-0.6863993514176554,-1.0,-0.7066410706263514,-0.7939262124347148,-1.0,4.497345868387843
0.5605121481286396,-1.0,-0.48074114523152417,-0.39460689862295034,-0.1372994534672436,-0.30025695711516565,-0.1694200753283401
0.6129546118156964,1.0,1.0,0.3134483470725,0.23308105236775079,0.32890390497927213,-2.6851921884336
0.05846907504191057,0.3590512108009734,0.8438782642983494,-0.5066947466846086,-0.4117176045520698,-0.22118525525825838,-0.4442694794202392
0.7203455661403853,0.058837251099858545,0.06766225857469937,-0.8370131538849601,0.4535671073175367,0.680768650169183,-0.5875042821224467
0.5402611292972654,0.6694722959402921,0.08646119384680417,-0.32718420560527617,-0.9013568167006096,1.0,7.703101814043393
-0.1414612520838201,-1.0,-0.6080340100383121,-0.064242338852321,1.0,1.0,2.116371219553799
0.748541528200414,1.0,1.0,1.0,-0.5682469318995139,-0.01512485051931678,-0.04093498843377513
0.6170898889072639,-0.5922665235187112,0.2097213952669224,-0.00282045457337754,0.8972332372628478,-0.5927535641610486,-0.008269450542764276
-0.47440203045405804,-0.2572356499761837,-0.4548053099481695,0.6161196643544972,-0.2069118160623451,-0.7204312818612149,-0.0843441343644582
0.19622731258387183,-0.48809442684365323,-0.5176397181847817,0.5243641890861759,0.5085887390635002,1.0,4.6209384643370015
0.6518107715958412,1.0,0.6558588872382853,1.0,-1.0,-0.20656189288617943,3.9731474899273564
-0.3786799701386854,1.0,0.6227972699029446,0.07962200557370301,-0.03515965158981153,-0.652976273393102,-0.9463831199582369
0.03190318337755815,0.6606474021786126,-0.7392159185284332,-0.7257473987002759,-1.0,-0.29065894819848537,0.13432811798642047
-0.3478960907825336,-0.19488218338665186,-1.0,-0.6799630205267322,0.2191624125055135,-1.0,4.643520881749818
0.04920797306783009,0.8960230298081933,0.1697584811333741,1.0,-0.4482860363228862,0.7313632585995973,0.6341197500170763
1.0,1.0,0.17078207027761916,1.0,1.0,-0.11242094723307416,-2.5282139738958875
1.0,-0.6059393773834674,1.0,1.0,-0.7297852140636293,-0.269219430574828,5.709508929712876
-0.4570291609922459,-1.0,-0.03394411522071583,-1.0,-0.48832883621183876,-0.9675018913426396,4.94387696107867
-0.14680236792030288,1.0,0.07376529550111266,0.5292818030734597,-1.0,-1.0,1.9651920867551842
-1.0,-0.9889335762007798,-1.0,-1.0,-1.0,-0.16510557304362394,-2.7011365019102267
0.11717073114830678,-1.0,-0.2921963533327162,-0.45115727339354195,1.0,0.15038656809782025,-0.9606892519925166
0.8931749358564534,1.0,0.003607697365565876,0.30199028091846003,0.8222560677110721,-0.3469557644440173,-1.7687694743619078
-0.6096760608370573,-0.16899351889476366,-1.0,-0.2530528571529138,1.0,0.8391913797773576,5.521516939958146
-1.0,-0.21762573752065303,-0.5187883013118353,0.9561999494107352,0.14744228078774985,-0.7432087860535378,1.7682720006722912
-0.38115824042987795,-0.5453938186777609,0.015114215282851534,0.4906616166531351,1.0,1.0,4.767343022959824
0.11240288730495118,1.0,0.5420887493465452,-0.03991679048018759,1.0,0.3580311048531982,-1.0106462048202718
0.419829587683773,0.9390584608369222,0.3735581930562929,0.18798606344987556,-0.7089551279147133,-0.9287470515328131,2.251553683112732
0.29518741107141566,1.0,0.8268647615999186,1.0,0.46257444075186704,0.7414678101525743,-5.332971206960432
-1.0,0.41138477621651326,-0.5414130662233797,-1.0,0.6768830566050665,1.0,7.226646089114976
0.6549953243958824,-0.40965801153173625,0.5617937855771944,1.0,0.14568894262875035,0.6595369290084268,-0.6445233599522193
-0.45647366956552715,1.0,1.0,-0.5419169660848455,-1.0,-0.33160663420253655,-4.802447724209961
0.5945260722905107,1.0,-0.4927733735709414,-0.2450664286189348,-0.3052153302266667,0.8439444175605675,5.718195410061192
0.1646395362441763,0.0872459942739823,0.15091237887638037,-0.2572170913919325,-0.6628236287110476,-1.0,2.907810843965695
-0.3040420830679875,0.05737485166196932,-1.0,-0.43687964196352413,1.0,-0.7959877958124983,1.0963242022025146
-0.14868020434465282,0.051860890515769587,-0.13447965871779788,0.7859059120723211,0.7792733784004271,1.0,3.5957529136425412
-1.0,0.46728296068549524,-0.34097078361056954,-0.08827243392535766,-0.5734479500419679,-0.25671592476041505,-2.2024694079405087
0.030521676490312122,-1.0,-0.3367999907366037,0.1252692673167894,-1.0,-0.8021225551806275,1.9614457928540754
-1.0,-1.0,-0.83217239139446,0.005798664650981777,0.6861040413063998,0.34954902887802053,-2.6028146635600957
0.1480756909108022,0.14107006311242531,0.43304780962549194,0.29030430907928717,-0.2737572617286408,-0.7616677953139939,2.1770860188982994
1.0,0.9282497673106651,-0.5873438854290516,-1.0,0.27852624760417577,0.5830803450921311,3.440488503194151
1.0,0.9098969200025964,1.0,1.0,0.23865993921897444,1.0,-5.929780170754852
0.5146980996818687,0.5459810081926206,0.20855410242059036,0.700639739476697,-1.0,-0.6017150939892009,3.759100201160025
0.47797924680436965,1.0,0.2566091657458191,-0.8964253497737134,0.47905558491980504,0.3225116692377876,-0.08728470740525218
1.0,0.5061069182761564,1.0,0.9889234268225122,-1.0,-0.6386545902520706,6.042727666542753
0.11250954316385536,-0.19793597728529355,-0.238923655280311,0.10811477340536291,-0.8739396391655707,-0.9132435601805345,1.696150557369941
0.8498740014221,0.3885500944960982,0.6850538240693298,0.8333287537400775,-0.4946234193853225,0.1934565177641988,0.530660776521733
0.6218423071094668,1.0,-0.004627803236274652,0.4042998155788169,0.7957568869894156,0.6562152063977037,-0.03444113365910173
0.7236231121086437,0.3138595483764177,0.008725381917973396,-0.22273029586661414,1.0,1.0,2.3344564837534256
0.28828807740379814,1.0,0.07267714194886343,1.0,0.615219716806082,1.0,1.8567296207214745
-1.0,-0.43383414466922887,-1.0,-0.331744064445904,-0.8009375067764078,-0.36221019513080815,-2.5223214457209595
-0.13809575962607457,1.0,-0.8397073475958519,-0.8651423494959839,-0.2054622777501076,-1.0,2.2526004017669328
0.11361880500316401,0.6532359222465778,-0.6249725776774406,0.08880447864871943,-0.10681333382700697,-0.6834839512057873,0.4306751850894168
1.0,1.0,1.0,0.9533721663910932,1.0,1.0,-9.87251200520026
1.0,-0.08991435713235407,1.0,1.0,1.0,-0.10683607831871866,-4.7231661071553654
0.6992957039801828,0.049309660590641624,0.4889824388666958,1.0,1.0,1.0,1.5036713536113222
-1.0,-1.0,0.4785772638216105,-0.8012057694268385,1.0,0.15341115139999656,3.101149140664185
0.42188452111015196,0.9123444809085384,0.7812885691655482,0.912694688756021,-1.0,-1.0,5.552105030514337
-0.051952550725240965,1.0,-0.8939417959859668,-0.3744227511142729,-1.0,-0.7473795422487122,0.5989019675748909
-0.5029534814695993,-0.6244585859478116,-0.8140573514624556,-0.2926460343713526,-0.12586882372566155,-1.0,2.912333403313951
1.0,1.0,0.2713431614035504,1.0,1.0,0.5914829991094658,-3.0688310702071986
1.0,1.0,1.0,1.0,0.532643735459962,-0.11596838868248281,-4.8909227194631715
-0.5453266177148157,0.3036505545629815,0.1836190169562546,-0.19387098708592365,-0.6156816872414316,0.31391864048102447,-0.7897470083262674
0.8290952484057191,1.0,-0.6973044032369808,0.9028201319000448,0.613941546353348,0.9050960446417775,1.4316740650679762
-0.7770450104800861,-0.8901058266376018,-1.0,-1.0,-0.4813056212379708,1.0,0.8293862629856295
-1.0,-1.0,-0.5828203217756316,0.11113540527896537,-0.43045238340397685,-1.0,1.6470368331314944
0.007250391667032993,1.0,-0.03773714400630882,0.16250146358265716,-0.10050589584566483,-0.07923349715737094,0.09828314405140069
-0.036387271807336585,-1.0,-0.9117144375301858,-1.0,-0.07737069762661941,1.0,-0.18613634751882363
0.7649961969806953,0.3868528769477124,1.0,1.0,-0.20583956114372204,-0.6569677961944742,0.3595347493474286
-1.0,-0.7976500343681076,-1.0,0.6977002248078535,-0.1143821883502123,-1.0,2.3322788964598398
0.3925865307583323,1.0,-0.447085731215654,-0.31788722335184916,1.0,1.0,7.351461506179774
0.6838459825173826,-0.0961812754863325,-0.567647742827514,1.0,0.8545965023135937,-0.8774499626785068,-2.0830885100816583
0.08193899175263086,1.0,0.04571799717314168,-0.44390599814336196,-0.6522681027447834,-1.0,0.9429516151418356
-0.5338009800313263,-1.0,-1.0,-1.0,-1.0,-1.0,4.5475334057063
-1.0,0.05462827204707993,0.8432311441708967,-0.5045806053864273,1.0,-1.0,4.457652857957215
-0.4364036245154428,1.0,-0.3358311372182865,0.34490654080621275,1.0,0.4892684626828061,4.166368500347837
0.9439336664169096,0.6134005368657159,1.0,0.5842492739396684,1.0,0.7815788363728358,-5.700630110941026
0.214575459309154,1.0,1.0,1.0,0.9138906933405306,1.0,-6.567909779745629
0.024000665966070783,-0.18791768422658373,0.8859038428763412,0.5768293220130378,-0.7437546962477253,0.968992501181064,-1.5291294472112216
-1.0,-1.0,0.4585560842460135,-1.0,-1.0,-0.2960903135257169,3.940332047823988
-0.4366672184227419,-0.734876289847854,1.0,-0.3517036282083184,-0.6825722526973081,-0.17654499456626604,0.7972096211797699
-0.3458738351010736,0.7509348558912554,0.23193975518188914,-0.43335080434972095,-0.1979978793988544,-0.37134162477669297,-0.04112255742828863
1.0,0.8151849852800679,-0.5191700058237261,0.4210417016000002,-1.0,-1.0,6.940495732659893
0.1399635750872127,0.3050351722583736,-0.44964852560830904,0.7261366276403882,-1.0,-0.314480357975637,0.1017320970313566
0.23736473549928527,-0.6157642291309204,1.0,0.5528358295560285,-1.0,-0.3479244962927606,1.7681972080882942
1.0,0.1208117184065835,0.39936419254034566,-0.15362997456547212,0.9705770748779146,0.9727242657173117,-0.6757846150656659
-1.0,-0.37918527351589804,0.20101225849989834,1.0,-0.6897185503538326,-1.0,0.530409330304554
-1.0,0.058317536935723724,-1.0,-0.6528616349440062,-1.0,0.9301356802867243,4.134927126137466
-1.0,-0.2543050480718574,-0.7618699622735643,-1.0,-1.0,-0.3917794987349945,0.07844328466566974
0.6126071424456216,-0.15023232509646703,0.22078874875463506,1.0,-0.859573710979127,0.23160256311683536,1.8326378510670136
1.0,0.23957686061443173,1.0,1.0,0.04478671475397911,0.2124680188682385,-3.0819093880461406
0.3938302903175611,-0.3844699953621542,0.8197016587696062,-0.17573661818004682,0.31935674391600644,0.41947567031998556,-1.5329750586251958
-1.0,-0.2865837849110402,-1.0,-1.0,-0.22790193161841255,-0.31646593279124713,-2.1376777065908565
-1.0,-0.5229070620174754,-0.30522006180036865,-0.9146311123760217,0.3205331178450503,0.8597181755934667,0.8793167182491487
-1.0,-1.0,-0.7581149972466197,-1.0,-0.822363254366022,-0.49596670754774186,0.7535113900178525
-0.41434044271172593,0.27070789405090023,-0.054008422216707874,-1.0,-0.8191730213532338,-0.3805628177470466,0.13160183581867102
-0.21744529771652854,-0.1675405408310497,0.04419114651591616,-1.0,0.0926634167151068,1.0,1.6300076922005042
-0.08688512734335604,0.9694523518734576,-0.9022435730420585,-0.4378522403607493,0.49323358866584055,0.5122734498254027,4.922271386875581
0.865143230696584,0.10832498131544616,0.30340614562151913,-0.9239269854736554,0.2407846646742161,-0.413500616981801,0.7050750238596223
0.1854720101441254,1.0,0.34226305704303983,1.0,0.48564592116034666,-0.24449532682178357,-1.6652774129137393
-1.0,-0.9637846610728562,-1.0,-1.0,-1.0,0.2572199259890966,-3.5875320666385746
0.6775781185473301,0.13927430105024677,0.19012871473842263,0.8973163143551057,-0.1753721379496212,-0.9369071381993004,4.289785602293371
-1.0,0.3835464064573842,-1.0,-1.0,-0.8874611664075848,-0.2577007867711725,-1.8139916316301974
0.9309111912265768,0.49648078623012326,1.0,-0.841997515480241,-1.0,0.02706310486602448,3.8628332575203115
-0.8337835333288176,1.0,-0.3223101201051762,0.6206276355151235,1.0,1.0,8.76863039878966
0.00943474132663008,1.0,0.23087628387344344,-0.2941267880774552,-0.878823165162254,-0.440110757965393,-0.661147950983084
-1.0,-0.15609784193478105,-1.0,-1.0,-0.7934950333319216,0.1194940269132524,-3.4512937946992333
-0.19154824300678425,0.7001224545929611,0.9861027809660106,-0.15525148247932946,0.5579533182717897,0.5979573251330847,-0.7974251192508064
-0.390694681087423,-1.0,-1.0,-0.11825521668225153,0.8328057308167047,1.0,3.660593299085919
-1.0,-1.0,-1.0,-0.48314994646296716,0.12989897400836958,-0.30739408863646284,-2.742668981826238
0.17454779122340847,0.49059577644333147,0.4118905684265475,-0.8268820447723468,0.47569539293300345,-0.269395384467584,0.38844254470645373
0.14009298747960977,0.39448397076150143,0.6139942630124522,0.15376364808999599,0.7164408596986682,0.11457689224362363,-0.5440675139045439
0.12665563610470554,-1.0,0.6947590681390272,-0.881152858946181,1.0,0.24370564484022245,-0.9450557186336243
-0.33137416109041784,-0.08965700969554927,-0.6184090015000316,-0.5921203158042206,-0.5513830635735011,-1.0,2.2267155776156273
0.9250853171147382,1.0,0.6476777805791235,1.0,-0.7447559897137456,-0.15338145654503949,2.2775346108437113
-0.5192182693569034,0.858115506053771,-0.16941348875043022,-0.08021419602677793,0.504268897441319,-1.0,3.504104154591422
0.9403714580326445,0.5315378781902662,-0.6951150043686126,0.3037857776723471,-0.3694344457494259,-1.0,3.9953289800476295
-0.268274566975146,-0.02073818338586164,0.20539021713447936,-0.13339445101044478,-0.3230482228170599,-0.41030640597120427,1.000943338126483
-0.24794932837469497,0.3914613300221409,-1.0,0.15851817547208935,-1.0,-1.0,1.2446104065610375
-0.42913087494800883,-0.19259545372608122,0.35142541538035865,0.22281126204448398,0.9662400689249359,0.8750189451050581,3.069555069795047
0.7390591698208053,0.6372372079543644,0.22326651728405134,0.45358458889431463,-1.0,-1.0,6.412916551310856
1.0,1.0,1.0,1.0,-0.39133647491253437,0.1117404173617762,-0.03764837234413647
0.3352921372424359,0.22925854188220307,0.8206336312907967,-0.5601213305728128,-0.852308789294681,-0.29226502648577846,0.6724396141531709
1.0,0.018286624359667547,0.9834087935323218,0.28930186024484683,0.4884901796409084,0.9574969282377681,-3.66970964940664
1.0,-0.23614778976555423,0.6811663722339265,1.0,0.08995511014828528,-0.01858609316130755,-0.28287750822780133
0.723380658492096,-1.0,0.4123532946767041,-1.0,-0.20889439935668608,-0.28881048982999213,4.610312656335775
-1.0,-0.6869319579595703,1.0,1.0,0.2076917377270122,-1.0,1.663788740001728
0.15878024099058896,1.0,0.9012231729003142,-0.001405544608791609,0.3912814299638712,-0.08313869149349662,-1.845449611865928
0.30808811877365505,-0.04497969184026274,0.4884585198449998,0.9811359201820706,1.0,1.0,2.9101520299089674
-0.5836931950684261,-1.0,0.05818738600879453,-1.0,-0.44297923895429714,1.0,-0.43768166445800605
-1.0,-0.5791465294759484,-1.0,-1.0,-1.0,1.0,4.455304191792793
1.0,0.3402771449210267,0.6569175413234012,0.784368524196364,0.7756774437197709,1.0,-2.1147095967735163
-0.4017726328709257,-0.12250006673060251,-0.43329030351103803,-0.6748622149043527,-0.917092661405675,0.6298253644979788,0.6870996475062838
-1.0,-0.5798200962565704,-1.0,-0.8856294730464074,0.7876163363520292,1.0,4.852562246549924
-1.0,-0.3106791427835143,-0.9846391354888208,-1.0,0.031531268004982294,0.14276822808718295,-1.7722850702126312
-1.0,-0.7400098147054852,-0.469224621785032,-0.8994640800736913,-0.33379210393220804,0.8687103888156393,-1.7485622571714639
-1.0,-0.029798652204986453,-0.11374188758206288,-0.731410100565521,-1.0,-0.5615043296217836,-0.6887142130851164
-0.6273576307733474,0.6827087774573536,-0.18382413810598625,1.0,-0.9623607005376709,-1.0,1.8231080727566156
1.0,-0.30234806295301775,-0.09191625603148396,-0.2696177813681288,-0.2593673805401642,0.25961671936102737,0.3567721707224183
1.0,0.8271806422046695,1.0,0.4631284787602219,0.3717823529611297,0.6254470138130263,-4.88418638402446
-0.5361107541490394,-1.0,0.48145770591960946,0.32139632048041805,-1.0,-0.6734169716762427,1.7719175460729355
0.10785865164486372,1.0,-0.7935966073843227,-1.0,-0.267087564816995,0.8768313320105491,7.444259359286885
0.3593342954184643,-0.4701251365801843,0.6208238413919378,1.0,-1.0,-0.2827913557308137,2.299773953700592
-1.0,-0.0033939008771524115,-0.056162593879546474,-0.6807663874801402,-0.8353765425497213,-1.0,-1.0693222738314676
0.1741553472703472,0.8419481671181347,0.9438253946196786,0.6094493343681786,-0.4768571190051044,-1.0,2.583973680526459
-1.0,-1.0,-1.0,-1.0,1.0,-1.0,3.632614221904478
-1.0,-1.0,-1.0,-0.5467726498488066,-1.0,-1.0,2.6544309513837185
0.6631769647632721,0.6621520288510021,0.6934125585213322,0.8598617698055947,0.13496528941868968,1.0,-0.4640169161740737
0.014463744415202706,1.0,1.0,0.4658770879380141,-0.21212188710452445,-0.22936157218757428,-2.9472211842914797
0.9025924211064389,0.5078816466230669,-0.4492338613185051,-0.38852933827259795,0.6864865878384054,1.0,1.8247215088358155
-1.0,-1.0,-0.9427595128011186,0.5540485490205058,-1.0,-0.2166767153894128,-6.791626546856528
-1.0,-0.1783148412623844,-1.0,-0.952581231132724,-1.0,-0.5284551472310408,-2.0008790699052232
-1.0,0.09727429098917845,1.0,0.5949614076960048,-0.8360147702828349,-1.0,-0.07020510532959148
-1.0,-0.16047095262708355,-1.0,0.3438346207488044,-0.04362514664987055,1.0,7.065493706357706
-1.0,-0.5570629203797335,-0.059944670023982516,-0.00899726214158636,-0.42515358507820167,0.12516222147950962,-0.574918514440856
-1.0,-1.0,-1.0,-0.3911112596727595,-1.0,-1.0,1.4246996852541645
-0.7319182459643729,-0.09598572410244133,-0.0784301674603107,0.007672185579531754,-0.15273365328027255,-0.044439226896150985,-0.5568505453815102
-0.020181430981518478,-0.26057786446400577,-0.3356616386464122,-1.0,-1.0,-1.0,3.530384119115301
-0.45705325788466833,0.7258503597537412,0.4036082717633097,-0.7214074383124116,0.7173860010789905,0.24094154222994058,0.5205798352623102
-0.5750862923446458,-0.16782458071680362,-1.0,-0.9193966480293092,-0.2693029678339761,-0.7258638856182067,0.6650130014444938
-0.7574466634481407,-0.2953680909716516,-1.0,-1.0,-0.03357311123379003,-0.2603745993292851,-1.1552710014796994
0.9850726994603206,-0.27365413645604053,-0.1138411586866741,1.0,-0.5414118276295871,-0.65023114613728,3.948454752657639
0.5133538826177644,-0.7579616635101151,-0.840679901988748,1.0,-0.06274440897657918,-1.0,0.17600055385452618
0.13616108945241212,0.4530479732149014,-1.0,0.17794459374823196,0.2461851832590436,1.0,7.082379020791895
-0.6452672757316886,0.5368941655003537,1.0,-0.3926278118826636,-0.47245185682100255,-0.21235413504165013,-0.8458161710770039
1.0,1.0,1.0,-0.9620534933548646,-1.0,-0.14196549569902173,4.432846148215299
0.43790732691044276,0.5973998207500251,0.7151300368820419,-1.0,0.6611383069017298,-0.9161887207917466,-0.6020982876984277
-1.0,-0.9842121792803051,0.5994688726751265,0.012771842061621186,1.0,0.9357493839693538,4.111005875654251
0.6281366452542759,0.6285179512923521,-0.025236436923941175,0.9005929430493614,-0.4611004068142704,-0.8287726691915889,4.48731202382446
0.7144719424762296,0.7586244674073681,0.30919639383009345,0.3071224464232275,-0.1401331915048163,-0.21530156717199467,0.6469965165474887
-1.0,-0.6771998354445599,-1.0,-1.0,0.17102268401345275,-0.021538274333959273,-4.789904560989092
-0.9962238185473784,-1.0,-0.6014679069526645,-0.5755745576676982,-1.0,-0.7736490744475679,0.7893941615068659
-0.9170641629530866,0.38135778403635073,0.7582476044793709,-0.06044080039822053,-0.8000619680590234,1.0,-4.048365675135596
-0.36366898382263324,-0.6331236798927178,0.846691053846662,0.27895185848145687,0.35706014374461026,-0.40956890010997493,1.0993503981371573
-0.5433562149616707,-0.5496465412708469,0.8371731603737349,-0.15992167178814637,0.5434900193128908,-1.0,5.070851528556576
-0.3784294902909121,-0.17306687722246533,0.30821746003708805,0.9544045866643516,-1.0,-1.0,1.5140105841243374
0.04742985596823163,-1.0,0.21193443028484255,-1.0,-0.013255788072497443,-0.45049930333754706,2.8291056643820616
-0.13646946192310216,-0.1601934497113527,-1.0,-0.46540199652254555,0.9287957388269377,1.0,5.6164419956405585
-1.0,-0.9091015650952368,-1.0,-0.6253126355466183,-1.0,-1.0,2.4625973043602345
0.5795636769837561,-0.9441420825921345,0.02959239034074776,0.12869837288407887,0.6932608833367128,-0.008062749439030292,-0.8486565127122383
0.9578166409835159,0.9071672147631296,0.26278830452116986,1.0,-0.3098412515430843,0.7879071963827591,2.6704811707492095
0.5485066660375777,-0.08671317992430161,0.9504052634196811,-0.20986605536354697,-0.193409492612596,-0.15153267353593625,2.079636200055437
-1.0,-1.0,-1.0,-1.0,-1.0,0.8932368144435526,0.7574779872047144
0.3505730862248413,0.5290256787823634,0.6660604463660844,1.0,-0.3190306800711715,0.27176513630626553,0.0025435486945872277
0.8204055834433963,0.6068013458106962,0.17065271969971962,1.0,0.2531145885690944,0.8292945846721628,0.1094623475239716
-1.0,0.7586318228384538,0.7358458461927766,-0.43995332719760716,-1.0,-1.0,-4.354334278765717
0.18517788909060273,-1.0,-0.16019643733578737,-1.0,-1.0,0.5322227778866775,5.782486778049135
0.08686310596814595,1.0,1.0,1.0,1.0,-0.33109902555835335,-5.818046419738604
-1.0,-1.0,-1.0,-1.0,-1.0,-1.0,4.546860946312354
0.733015466876772,-0.6283487567852462,0.7685148490701611,0.2672116012191974,-0.3657685686105169,0.987232635097806,1.4675022883236009
0.5888488125751483,-0.06996385744754241,0.9237383927078413,-0.001729073116712998,-0.34862825279620124,-1.0,4.014497124616822
-0.7104147996056459,-1.0,-0.3788644226306375,0.2680788071195014,-0.6481661951389506,0.2705726369901087,-1.75235727013476
1.0,-0.2561726588598878,-0.45628284932954943,0.06765516808843625,-0.17489753212115655,1.0,3.189708701998148
1.0,0.2648544830300652,0.6271609732797638,1.0,0.44708348460978165,0.7847109235234753,-2.089467007142083
-1.0,-1.0,-0.06184800547496638,-1.0,1.0,-0.7884693726169177,8.057710981573042
-0.5565852379828178,-0.40214447575358436,0.22505039547520078,1.0,-1.0,-1.0,0.48011256425704096
-0.7165420988549382,-0.044880441577976216,-1.0,0.2688108182225819,-0.8480312441700008,-0.4594403594880201,-1.6445520290501023
-1.0,0.744380194443484,-0.1289704266555325,-1.0,-0.9726365574590426,-0.9288029012431112,-2.881014908135969
0.6861302959873811,0.5511241402563024,0.1398207254804366,1.0,0.36759045890958425,0.22892150554340962,-1.0705218328225785
0.04571185925242628,1.0,0.6423322953023296,0.511780179740932,-1.0,-0.04375646879439099,-0.4776600664540225
0.5853838666976536,-1.0,0.3964132587683218,0.22154089881962702,-0.9013240583314566,-0.600697332698573,5.475917732399332
-0.15425824220386786,-1.0,-0.6549667711901868,0.11792070374071917,-1.0,-0.1565023092408906,-1.9012096079633931
-0.4719624772238198,0.4591693210510931,1.0,1.0,-1.0,-0.4559410307146099,-1.424596364562548
0.9660098372613928,-0.2715105012647422,0.8587908629729214,-0.18995982726866492,-0.526474344800016,0.038353977982334975,2.6469266143354244
-1.0,-0.7778063749862001,-0.2304459274712205,-0.014112986765796032,0.4703763910789671,-0.19775341179952588,0.8165492861212138
-0.9114638531635206,0.037799219310284446,-1.0,-0.42419652081012404,0.5768093864309995,0.4962172801082162,2.470596825676342
-0.7717718914937699,0.8015949689695252,0.6301490350204082,1.0,0.9697752455826478,-0.5196232993770065,-0.49357113749744375
-1.0,0.02739561823208403,-0.8465450543089039,-0.5791479750551038,0.6717458185497172,-0.5371039029363884,1.3401727345136103
-0.476819359314868,1.0,-0.39129230244620417,1.0,0.997774542963131,-0.14888500742204203,1.151473554283058
0.30474129564723323,1.0,0.050520213256523894,1.0,1.0,0.9666815654997283,1.9769490840503579
1.0,-0.27690479912539867,0.07746238564311869,1.0,-1.0,-1.0,9.750790910200156
-0.5761866441073389,-0.7112665139082084,0.27845102118437426,-0.5202803015504576,-0.35409721414516815,0.8872557607483418,-0.5573476957035639
0.8925726897917379,-0.23705551635535993,0.2897190149174428,-0.0682373698209274,1.0,-0.4260027908344407,-1.7989100119018824
-1.0,-1.0,-1.0,-0.4045164729090037,-0.30847159169096017,0.17568526572759346,-5.555681190938159
0.5249688638680589,-0.27165335768476295,0.12655297163055723,-0.2714133795550755,-1.0,0.04860463161468645,1.613270633895858
-1.0,0.33987823727932465,0.9174998821025929,-0.5142900743789467,0.2851078591429481,1.0,-1.4694215428502475
-0.8271490834213863,0.533127515156512,-1.0,-1.0,-0.7738185418242844,0.05496578610549274,-1.6731013250839748
-1.0,-0.07748524749574598,-1.0,0.016433354540987932,1.0,0.7040220060028617,2.973802870210054
-0.8324683121413043,-0.45395820095510686,-0.040410448587456016,-1.0,0.19608563960456626,0.08756821654251512,0.39900915310671725
1.0,0.0017511710566427419,-1.0,0.21541817224305762,0.9165231311845827,-0.34867036432599763,-2.7673999579759325
-0.8817174185086314,-0.1391132521196694,-1.0,-0.10983766944104834,0.7877792636085076,0.8165810711851034,4.56354512127949
-1.0,-0.3629216774649995,-0.4285959168197482,-0.19416345085252606,-1.0,-1.0,0.7529264571002471
0.3044661468472353,-0.5102681753455713,1.0,-0.5561877650531429,0.09560013107843335,0.14189533528421783,0.05702795698934027
-0.6848019989512697,-0.3891003728939302,-0.17524871007767373,-0.7572456398028038,-0.5934555815164053,0.42261790348261496,-0.48866768413336015
0.03204133137534221,0.544238740830146,0.7313980561373282,-0.26812618506513675,-0.4282756334209423,-1.0,1.9078902980100079
-0.9897883185169887,-1.0,-1.0,-0.05746963624100565,0.9841658958486387,-0.787032641391741,0.43925986605141487
1.0,1.0,1.0,0.4193737745489383,0.2853185774530397,-1.0,-0.948302838801973
0.9518097624574606,1.0,0.1799777193417107,0.8040449520655053,-1.0,-0.902123503589821,8.545480306768226
1.0,0.8859912269760211,0.10201163967214699,0.0929013762703721,0.390893158286296,-0.1950005377532267,-0.42469400462850004
1.0,0.8471067068467184,0.8374980828339025,1.0,-0.7627054860226741,0.5143786735878738,1.2246219611147764
-1.0,-1.0,-1.0,-0.8394867742295994,-1.0,-0.16102692540457447,-3.9265994255031536
1.0,0.7231632949945572,1.0,0.055194738433755886,0.7881127393463176,0.10174454851560699,-3.46923218448412
-0.7931009077168278,-0.9116687339053562,-1.0,-1.0,0.6067048637596228,0.6263420436354974,-4.547521778648416
1.0,1.0,1.0,-0.16248210036027155,0.07289140206183603,1.0,-3.080150000158608
0.6602148746252052,0.5268349433777253,0.14369256470413536,0.9311881323459629,0.054031760516750515,-0.10786448367690846,-0.3974791582177829
-0.1382358938925211,0.6622040434468546,-1.0,-0.5456122048755294,-0.0804089928267715,-1.0,2.8222253166609343
0.595494253984856,0.10207737504883185,-0.5400531775973024,0.2753916377172451,1.0,1.0,2.5719540336055378
0.976949282427104,1.0,-0.30384411665757644,0.9818687845034639,-0.4946909231541714,0.6643839280914912,5.2377492973275865
-0.2793882512637178,-0.8680556208828027,0.14321054401809075,0.16753627534177462,0.17520654830804483,-0.12976340468677702,0.005344672243153048
-0.17599574275904162,1.0,0.21667650470622568,1.0,0.18416516831265184,0.7815487693154628,-0.31172115143608725
0.7401249053154415,0.13655550862338867,-0.09324496119131653,0.4181816482771432,-1.0,-1.0,5.493721415648033
-0.3640207911562819,0.6278418153443235,-0.7533458656692927,-0.27311940691673087,0.34723803013616716,-0.46109539134946487,-0.45636395925759843
0.8505516215612979,0.6835659200178557,-0.4574563279070676,0.08833028323829228,-1.0,-1.0,4.243254710784074
1.0,1.0,0.4975319769015618,0.4552610035374576,-0.24915096744785487,-1.0,4.813536914176095
0.7544676811638462,0.3473096486620928,0.5177205314087405,1.0,-0.3014345871699397,0.9036604401701477,1.7954248836602797
0.9477495971680603,-0.2553606165448743,-0.6813933388024164,0.401434543077979,1.0,0.6569104244399203,-2.5923830754281036
0.08644818203945642,1.0,1.0,0.797540563142127,-0.7985407624134553,-1.0,0.6993263899328271
-0.4407888485536767,0.5388930495255054,0.09885269931442497,0.28620796496157513,1.0,-0.4548520840680712,1.835717394014751
-1.0,-0.006277169376998848,-0.34119993367857115,-0.19133663755659225,-0.13488387386286238,-1.0,3.334846178025982
-0.8048855348252553,-0.26203828029898757,-0.2725443712604132,-1.0,0.22009325616558972,0.5636230333210354,0.9554860043569072
-1.0,-0.6586017586353572,-0.23111339869005912,-0.8904081501230796,-0.3910052400505558,1.0,-1.738045829463095
-0.9417358926881834,-1.0,-0.9059009648990961,-1.0,0.022163137909755548,-1.0,3.6314827017148934
-0.11611019231476441,-0.5102362765256501,1.0,0.6685376424197494,1.0,-0.3379276012220019,0.33963517688809425
-0.127955135552051,0.47350287276266423,-0.27640142504136644,0.6440618530155109,-1.0,-0.25818796204418404,-0.45537156130132217
-0.9107203439597682,-0.40641919278756833,-0.5355157696595645,-0.5154905088952385,-0.841074365572861,-0.8556601186947725,-0.10611138521685004
-0.06271441511037401,1.0,1.0,1.0,0.025331992738109724,-0.8385675557042657,-2.135696849013929
-1.0,-0.1970609945067645,0.09329558729275067,-1.0,-1.0,-1.0,0.5374419744174168
0.3165826169073661,-0.21594565866471438,0.5363157414352097,1.0,0.1198090436577941,0.3702378388994463,0.32784937496888966
0.16205515718472452,1.0,-0.12875998952168288,-0.8816133442020117,-1.0,1.0,11.939132751030492
-0.6031014544487145,-1.0,-0.5658338664640539,-0.15935481448672162,-0.23773854367832192,-0.22016205247065196,-2.1971479847557287
-1.0,-1.0,-1.0,-1.0,-0.22185549359193119,-0.13369069503011588,-5.563517194164996
-1.0,0.35370410406213265,-1.0,-0.8736950236821976,-0.24053896221741888,0.6968827955290955,2.520108435957855
-0.08331628184528354,-1.0,-0.6079864350628021,0.9264292313417265,-0.7721309730128223,-0.15378338001862657,-0.9542514839173808
1.0,-0.19480348785800397,0.6134953256130139,-1.0,-0.35287406856180126,-0.5829699149301062,4.397449057831168
-0.04640435853367508,0.35328706543369576,-0.687979888396745,-0.14138154461568941,0.5283013419524719,-0.975675026510203,2.3129575227420833
0.4663068258592411,0.5732192916824,-0.05540326594001008,1.0,0.4909619724889082,-0.004635331787718244,0.7531709508685505
-1.0,-1.0,-1.0,-1.0,-1.0,-1.0,5.042957500846046
0.7185203017960672,0.5465374266853591,0.37584319984443726,0.5627923983217188,0.2282210026952108,-0.2215437906668416,-0.3344986779285294
-0.45248902362979915,-0.45956133177601804,-0.8953304415098747,0.2183075475858287,-1.0,-1.0,0.7802302331639656
-0.17533675343143593,-0.43968887078129926,-0.3584316831860389,0.24165488410450586,-0.7182237021131745,-0.5268679132252309,0.08947034698524693
-0.9305370008620499,0.7565607259933389,0.6256324890636328,1.0,0.5030329495587494,1.0,-1.6120181792749118
1.0,0.8714944135679221,0.06859848515939793,0.27362349839322353,-0.031191621647746803,-1.0,4.381907000665636
-0.2610713200461372,-0.8614598786361822,-1.0,-0.29522720306076544,0.28891875367787434,1.0,3.893281542305758
0.5519806742301379,0.25153924071164235,0.12133045395727948,0.9799635789938979,-0.07218391418655772,-0.4872605772633147,1.6560162592820817
1.0,0.25176599163185176,1.0,1.0,0.9931133822322354,1.0,-6.099327153785451
0.5962233857779001,-0.7200971319214301,0.015648258406954607,-1.0,-0.8489787199693675,-1.0,9.576736565755525
-1.0,-0.426717624674558,-1.0,-0.48160444831896854,0.8503262031128183,0.1527010426139468,-1.8072312499054244
0.5383046565140883,-1.0,-0.3367406534169811,0.381231676209141,-1.0,-0.7875790290357125,4.257011472366569
-1.0,-1.0,-1.0,-1.0,1.0,-0.3411452597992449,-5.544295122903509
-0.657589566447276,0.19149449701470345,0.5963364676847375,0.40882073217067416,1.0,0.6731096890917906,0.9908154951260084
1.0,-0.6659358205450512,-0.8903408279507188,1.0,-1.0,-1.0,7.343257411375023
0.5757041454555605,0.897711488399204,-1.0,0.8251623719711467,-0.8672999108608406,-1.0,6.552845439835102
0.10081635500144814,-0.2404159708947678,-0.6813848271945695,-1.0,1.0,0.9880641939222237,4.6724547452443
-0.13491273436560158,1.0,1.0,0.6582838595024311,0.6226713481794539,-0.5509793727973686,-2.938998734202786
0.09241591737003452,1.0,0.670730987813352,0.1937009450797574,-1.0,-0.4758803743102806,-1.2318559568640493
0.22507561444226276,1.0,0.9993872159753454,0.0512202076618653,1.0,1.0,-1.6582465588108328
0.24545301759440463,0.19691341516886565,-1.0,-0.06355358126810742,0.9502842108192202,1.0,4.475626457900998
0.2826025743691518,0.5635482687223426,0.7410990012938449,0.5068471458241806,-0.47521092478319105,-0.4808672802466079,0.7137509864496168
0.6432186435409959,-1.0,-0.2343465278473258,-1.0,0.5253317832189645,-0.9748479977676707,5.518377172973727
0.10431066177040839,0.5139771882700002,-0.7117226186288743,1.0,0.031575078272810586,-0.27428850157887874,0.05735674973476812
1.0,0.8022400074552113,1.0,0.0004245584092393839,-0.3550821116541836,-1.0,3.5652201896506215
-0.8547110552174282,-0.2359335613628013,-0.2298484328995778,-0.9174075419576779,0.12499537604736721,0.23981892817208203,-0.02678345394673081
1.0,1.0,-0.44116707789373943,1.0,-0.5534247323418378,-1.0,9.055233883713662
-0.08601146462677733,-0.3821449178707522,-0.9735183206265466,-0.22330913552577847,-0.49035472149420756,-0.21114699578714125,-0.16183960632563604
0.31897929099070316,0.5580301321885117,-0.5615190817104694,0.6408122763131427,0.931911314643443,1.0,5.419306780342243
-1.0,-1.0,0.8658674851809619,-1.0,-0.4221933005413042,-0.30694293033070924,2.0098817863730916
1.0,0.7257229479320233,1.0,0.14430133330504447,-0.4398593830041275,-1.0,5.049596277903669
-0.6706263431884577,-0.08210208090220691,-1.0,0.26183301755475424,0.8285614055862813,0.9099663477021626,7.7058347489201156
0.272042264014669,-0.022221865206734304,0.996312052191239,-0.5367837241402813,1.0,1.0,-2.7143692893266067
0.11525890038292319,0.42637082430406725,-0.5437715299804036,-0.40699856087988584,-1.0,-0.5765707529911226,-0.5039112985411203
-1.0,-0.7626668839012167,-1.0,0.029062629678639817,-0.7154796372675697,0.8270876795990338,-0.7973071513874602
-0.7053385183846724,0.014183681822865002,0.14230558599818963,-0.6221259749869545,-1.0,-1.0,-0.9230530415634962
1.0,0.8968720579999936,1.0,1.0,-0.7350220997767414,1.0,0.9131011218445932
0.08612875996043834,0.939411990827459,1.0,0.3929465596181295,0.0407738274749147,-0.8049324933698478,-0.6138271187748248
-0.45370219813547163,-0.7616085896466751,-0.3623652470323005,0.7622355082666394,-0.7863346053850666,-1.0,1.3415817948834037
-0.995468528400592,0.2522385156987363,0.7599423724492899,-0.2557148380904397,-0.4106879066080701,-0.2976085878633934,-1.2649213109272102
-0.7473332773119761,0.8211099638736202,-0.5358141240502451,-0.4962497880120046,-0.26598742579765233,-1.0,1.4337119133087974
-0.013091716693991784,0.439273571733801,1.0,0.7071735400795841,1.0,0.5253226868478944,-1.3961553451875883
-1.0,-0.7536799774201667,-0.6722706009744178,-0.22968327884015283,-0.041374222361206525,-0.5816747233730164,0.8393832756464055
1.0,0.15630854076032263,1.0,1.0,0.7427050467451944,0.028692706803000845,-4.551396758179905
0.2795496800233483,0.6066692980550408,-0.20102455179986622,0.37843202271642584,0.01878128061954376,-0.2572782175250634,0.08593864823420977
0.2713315181247425,1.0,-0.3197258448552072,0.30870502844000913,-0.763326923896942,-0.29399849712004733,1.969004440945624
-0.8658168733490189,-1.0,0.08652012379919713,0.5654524599096815,-0.570268253641979,-0.0006717335244443845,0.11200614334847592
-0.36679338351732516,0.6486781117997336,1.0,0.13062580506478305,0.6193974341663453,-1.0,1.16983328695198
0.12317556901970456,0.9242889614635593,-0.7943103342283925,-0.4225421583893866,0.41847321237536395,-0.4219853563510687,1.3462292704133767
-0.12226622724472391,-1.0,-1.0,-0.4521614630422983,-0.7708371070321967,0.2699905473595731,-2.582007654811924
0.3624376676781188,-0.41972976155890007,-0.29173169783909025,-0.05532548558217887,-0.27972454605961583,-1.0,2.9899875599976142
-1.0,0.09072872460808695,-0.8707541211439934,-0.7806916947072529,0.16016044109487004,0.7065943779622226,2.135820112839992
0.03930934411222026,1.0,-0.16703103607162675,-0.20826219142405222,0.672899410859821,1.0,6.178065130336699
0.20811561448454097,0.1258369776943936,-1.0,-0.38600700713478653,-1.0,-0.6350555150804833,0.17507698006515626
-1.0,0.12216973752105173,-1.0,0.14341903109576445,0.8229391897240024,0.04035486193511073,-0.5945064516309182
0.41257574101258043,0.08855035322993621,0.754682432823054,0.03941332258324548,-0.7954655084470639,-1.0,4.479137512385633
-1.0,-0.48889223703113704,-1.0,-0.6790692298399168,1.0,0.6977312822614488,0.27307856322995006
-1.0,-1.0,-0.5574398378542579,0.015346788300722725,0.8150407849135965,-0.6948776098812978,2.193512246830546
-0.49029516373344045,-0.15474568225184215,-0.8584290260018048,-0.22677058112159382,-1.0,-1.0,0.5049746718709174
-0.36915401839005235,-1.0,-0.11995834062125917,1.0,0.5680041047058328,1.0,3.2811412970254716
0.6245453203064748,0.764567161519665,1.0,1.0,-1.0,-0.908719093778702,4.927944499023386
1.0,1.0,1.0,0.2128941022939166,0.19262952974436054,1.0,-5.307464483856187
-1.0,-0.8502342675900343,-1.0,-0.731276918671276,-1.0,-0.2893243481498444,-2.245457545193332
-1.0,-0.21231408660191153,-0.3791822688744714,-0.6840777031219258,0.17408138777313792,0.09423244243307342,0.16760235510445975
1.0,1.0,0.88822707253842,1.0,-0.9095479049597988,0.551694954595308,2.8516045261222898
0.6014166572317172,1.0,0.3639105023648239,-0.0564435047737461,0.048745065883380095,-0.16697858732515425,-1.0198831966861597
-0.2741128470210217,-0.9436317535913403,-0.15118212083269417,-0.9290904194020373,-0.4900775995172466,-1.0,5.479499336527717
-1.0,-0.2906836284248041,-1.0,-0.7159204654022242,0.6947247186901805,-0.33022826889031287,-0.861084227278475
1.0,0.6867710715053166,1.0,1.0,-0.9656660950326847,-0.650002463655853,6.439629746256314
-0.13340645710624355,-0.36408975616029715,0.6037771536948676,-1.0,-0.3289620616483337,0.16795392535764123,-0.23634650133128127
-0.6753209316230683,-1.0,-0.3989819137020317,-0.4438316304275212,1.0,1.0,3.1410857260637886
-0.2732375896839729,1.0,0.6420078233645027,0.5458971283202823,-0.8900220778804213,0.08300175141628574,-2.528509603674612
1.0,-0.1989121507998362,1.0,0.3488250654220197,-1.0,-0.2317305472842502,6.226390868346597
-0.6357643519040199,-1.0,-1.0,-0.9092534295216894,1.0,-0.21799638044666064,-5.03806464892557
1.0,-1.0,-0.30434687106389524,0.20945543351097043,-0.5119039256370849,0.16221407629344098,0.02416259729767345
-0.13350441045590133,-0.2380872613212095,-0.06975008251381043,-1.0,0.6848960979010781,0.39339727743068514,2.08893911471783
0.2768983072878977,1.0,0.09928323019236501,0.3138738231336543,0.3950384763762309,1.0,2.6491992387809913
0.68958894896166,-0.3184420840527016,0.5543326864955619,-0.9284813687558637,1.0,0.8312326530366023,-1.2738897292452942
-1.0,0.2133689964200433,-0.6223929457707958,-0.008399011266835954,0.11742916375256249,-0.055622951964587664,0.26164098120826373
-0.8857182349946748,-0.2937186075137493,-1.0,-0.8974793924050417,0.8122448664847944,-0.27781999948530106,-1.7224755367619968
-0.7147006974067422,-0.8047556827110305,-0.17839587534809226,0.5411954168277009,-0.906592491005396,0.13918572625911063,-0.9041497673110842
0.0379816659876268,0.20737993963938228,-0.45345332489675194,-0.17302663580800515,-1.0,-1.0,1.3589743637402099
-0.45766162588390447,-1.0,-1.0,-0.6581184869361887,1.0,0.2790185611835878,-4.045100232650789
-0.32871461965086435,-0.7015876769947595,-1.0,-0.7387771549605351,1.0,1.0,3.892179984732829
0.5824929057747138,-0.5485834224169926,-0.27640281783752585,-0.9767488331809699,-1.0,-1.0,8.39376452125834
-0.7695902397171344,0.05346540119315657,-0.6024496248792837,0.0033938663684162096,-0.6740190006262836,1.0,2.565777100775761
0.29961028818407276,-0.7728400836726895,0.489764840793904,-0.19105073657599447,-0.4722120647675585,-0.7607336802890055,4.323651690694483
-0.21005456571951298,-0.8160003372279985,-1.0,-1.0,0.0107705306648741,0.7487886904926588,-0.9885993006672154
0.43681923402960693,-0.2865683475938732,0.5992364746842396,1.0,-0.39473046678348384,1.0,2.16303958951961
1.0,0.9841240207333073,0.5306436933368346,0.9632523695585697,0.8528195677711177,-0.28409429614794657,-2.6330505099612838
-0.29944959603222554,0.7495197457576097,-0.02564455298597268,0.4015464648397583,1.0,-0.7681888376971486,1.833621948307711
-1.0,0.06268972957736169,-1.0,-1.0,0.6369608683179715,1.0,7.7602928487397795
0.10569886688884023,1.0,1.0,-0.09465027737080955,1.0,0.13397394062583579,-2.1380041708863953
0.686710705807738,0.8900975655967531,0.9624599497089521,0.0034524763830765526,-0.9224159514280609,0.4376525675334193,-0.8253499948214985
0.7501953923956718,1.0,0.8444879608494522,-0.41351332121173645,0.12961720742589566,-0.7125941751005869,-1.6431108992125396
-0.2500511544788504,-0.846722912213463,-0.5454205871264777,-1.0,-0.45660366256430995,-0.24830804808271822,0.47930764119878455
-0.041061605205778395,-0.713977236505005,-0.9508883639965157,-0.4281578325467238,-0.005313978505375627,-0.7498283521294917,0.45630861306970194
1.0,0.33982550107276643,1.0,0.5774664258384017,0.9634155482404776,-0.1161845711989139,-3.8231152407958446
0.5232337633572932,-0.7433640240831639,-0.20605897910254078,0.6276650750994353,-1.0,-0.34601550265645503,3.2237335523414234
-1.0,-0.7571257873324448,-1.0,-0.7064674733042271,-0.6880886640707282,-0.566531103262222,-0.06660859899947424
-0.9279808195786505,-1.0,-1.0,-0.4990560813323961,0.530699852102968,-0.5178608436704432,-1.4457217192805771
-0.5654435235360088,-1.0,0.9347042700977963,-0.2676639759973189,-0.10656633891952749,-1.0,6.482252991318135
-0.5792979644724204,-0.28031490425259153,-1.0,-1.0,0.6847253150603752,1.0,5.972700341511349
0.5266832146951517,1.0,0.2321347521884789,0.6847784164691029,1.0,0.3249826805129612,-1.1795095423241948
-1.0,-0.6109945953380664,0.5124822679372232,-0.5625587403207273,-1.0,0.6423977609686975,-3.433042055174839
-0.925746796150986,-0.5459785323816808,-0.1827058778386479,-0.5682202474424982,-1.0,-0.0919871532615463,-0.8268910761658812
-0.536707616236777,-0.16128623677160225,-0.8024396082492589,0.2777070116218779,1.0,-0.8238391663442548,2.138041409237551
1.0,0.105736413596352,1.0,0.06540376724854569,-0.586901427799491,-0.9497347012356556,6.591170045958805
-1.0,-1.0,-1.0,1.0,-0.5976712016607233,-0.380644171795963,-6.966221624816995
1.0,1.0,0.6571339349667882,0.41642404028556523,0.7477654271104679,0.8816795584520549,-2.25682568585224
-1.0,-1.0,-1.0,-0.620908384983434,-0.048475599398923847,-0.22764711534210047,-4.092112468137651
1.0,0.24572647856654406,0.760832402390335,-0.7779562528180247,-0.43222065541461935,1.0,2.554144626432294
1.0,0.8437397004880561,1.0,-0.07171960232422048,0.39926624639633335,-0.386093745907527,-1.697654473944259
-1.0,-0.3240913751478939,-0.07619730184995038,-0.7882712047246307,1.0,-0.7970081845249951,6.133062055391292
1.0,-1.0,-0.07636396707974186,0.6016079186035199,-0.3844941343223631,-0.5841718606199082,2.6722632858895095
1.0,-0.40472169361123894,1.0,0.9778222101061335,-0.990194298009037,-1.0,9.248941407479084
0.15162709333714552,-0.6097569600912449,-0.025198905725073106,-0.3288935584082106,-0.5178542099018926,-1.0,4.969671988937598
-0.059541973946801885,0.46827664991111173,0.790007370122915,0.5803488914205092,0.15058008906848186,-0.32665831741285595,0.27628236170998244
-0.3982759463419743,-0.9683629645231563,-0.1031682209293916,-1.0,-0.7285125881872854,-1.0,6.714135818564213
1.0,0.4674012188970118,0.546002403269638,0.9000227345770735,0.675121110432878,1.0,-1.2285411434693045
-1.0,-0.8634951909858494,-0.7310129979339893,-0.854282196886751,0.09007842855902837,-0.44203993835193645,-1.298186039441802
-0.22834137892116269,0.33575660675430274,1.0,-0.7619029853277121,0.05411052231444491,0.5479354319188572,-1.528418515135773
-1.0,0.6864570955820013,-1.0,0.13509646499774608,-0.7024971771865436,-1.0,4.999188610861244
0.21466917244924666,1.0,-0.27578298120386147,0.6164875245292085,1.0,0.5864966239270397,1.3824120781300644
-1.0,-1.0,-1.0,-0.15017153419039508,0.0682169456841463,-0.479759726742622,-3.4928424756872154
0.6255590137241722,1.0,1.0,1.0,-0.29451481806981916,-1.0,1.1049292749933926
-0.24308620550757587,-1.0,-1.0,-1.0,0.1544787111419153,0.8443746943189397,-2.579429808026551
0.47251026874130975,0.24031944780247105,0.12052187101362352,0.1080360925301318,1.0,1.0,1.7702196859220853
0.11827111517713007,0.0674113755609815,1.0,-0.3992122851826093,-1.0,-1.0,0.1492529942558596
-0.584485620401895,-0.7034267517691151,0.1685315489631114,1.0,0.044544654891337326,0.9766558475014397,1.840735680406265
-0.8728410590867715,-1.0,-0.9195054296576031,0.25829657449572035,0.003958220678504487,0.46446334886960994,-2.4845611347109537
-0.2411738784350561,-0.05087078324559022,-0.02145685261346708,-0.45263156993543996,0.08211075007761703,1.0,2.0966272678532563
-0.22638756390438025,-1.0,-0.8612577311800705,-0.49876225554441933,0.675149733920418,1.0,2.101756210744583
0.8621681312990906,0.43661207490598636,-1.0,0.7754717621232645,-0.5463753688898247,-0.42680973886641616,0.7547139914083623
-0.2833839778398787,-0.4528668746306783,-0.08003940401548762,-0.7396383302503453,-0.04956253866363153,-0.6726209489210564,1.2340840332001533
0.14075821625009355,1.0,0.10449425042297733,0.49141041377439654,1.0,0.7477119125293972,2.0424258759133473
0.4907732140764955,-0.08642318228256884,0.6276314329446743,-1.0,0.139723947913117,1.0,0.5613972202578027
-1.0,-1.0,-0.9492256006966238,-0.6355241815688657,-0.6490402761928162,-1.0,3.0512971517918888
0.23075536581408884,1.0,0.594232282065826,0.35719000711964943,1.0,1.0,1.5970316702728153
-0.4638400059025494,-0.39022367715081496,0.19305534488653375,0.23809664560473764,1.0,1.0,4.235490116032668
0.1951038527357608,-1.0,-0.5246268025729051,-0.5405513786506004,1.0,1.0,0.12865224432612532
-0.8762827235956282,-1.0,0.2884654860903393,-0.4119170818857555,-1.0,-0.03966145894161344,-0.35116500320653743
0.6902286934378794,-0.87167951535411,-0.24084695826981214,-0.7393495810529757,1.0,0.016503080727230647,-1.5738966503683112
0.575782231917069,0.15968113032386877,0.4360270321503652,0.20552961475611742,0.5518226511610331,-1.0,2.303872478757047
0.46701883009729916,1.0,0.5091091395329352,0.14798027319093254,0.2840555914263574,0.5208036536379244,-0.34758832260850026
1.0,0.9710934098212087,-0.09770894822567866,1.0,0.5222950039635684,0.045381252538173884,-1.209452370943728
0.019558049098355044,1.0,0.5447857945684884,-0.5000219714286371,-1.0,-0.37135539667195083,0.1219411223939807
-0.40754182829849395,-0.3152223087320152,-1.0,-1.0,1.0,0.5053919251382422,1.1267253648436457
-0.6154846370366021,0.15181294658507538,0.7454762502256027,0.15460100620760903,1.0,1.0,2.615323894964569
1.0,0.40684922725093187,1.0,1.0,-0.4686152698945383,-0.14450413938154008,2.082795584055944
1.0,-0.6782252504567444,0.6467938437578398,-0.08348241089498887,1.0,0.2089509771351199,-2.8606089634355905
-0.670469538864534,-0.1444141576764434,0.5303597339473922,-1.0,0.969301555613381,0.8595611789203337,2.880295916690187
-1.0,-0.5335078694945403,-1.0,-0.7099764245214173,-0.45274047146468854,0.771722428783063,0.8874663944929471
0.16350966966608582,0.46493954179396635,0.651043106220979,0.2820977149681805,-1.0,1.0,1.9159822325822735
-0.3248901427952322,-0.4426242772532649,-0.8335430233278647,-1.0,0.15370006225831645,-0.5777974278845457,-0.6956861731539334
-1.0,-1.0,-0.6242571649709835,-0.8607396470012572,0.43541333269591037,0.19387837114641826,-3.651641209631945
0.20127853019838093,-0.6088406045677991,0.22724441454673733,0.804414996182255,0.0993359144163083,0.9525772370414396,2.846404234312196
0.7065735009251556,0.5221114506446081,0.1825406230293728,0.15093182284020973,1.0,-1.0,-0.2785421477816473
0.1395635803229318,0.6384645240564009,-0.5397285169739455,-0.6603825181957045,0.3784574771719364,-0.2053357484802455,-0.8038058219286135
-0.5083269494791413,-0.27328380004758923,-0.9983773419542892,-0.5835923375942673,1.0,0.3130649433401461,-0.06577585568914349
1.0,0.0014404473943792073,0.8204439814073816,1.0,0.00015474200650955616,-0.7403626469756058,2.3630723794528303
-1.0,-0.2928086165334116,0.38837480119508494,0.09763746843196458,1.0,1.0,4.3087138894508294
-0.013686248204940243,-0.3270317345873921,-1.0,-1.0,-1.0,-1.0,3.051039845676718
1.0,-0.3878456981940147,-0.9350288476364131,0.5790578813108483,0.6483920478242668,0.01860307134940764,-1.381340914886968
-0.032402643577276125,-0.4003633090670309,-0.2879087748669479,-1.0,-0.30985758803715535,0.2030803168123603,-0.9207331184320214
-0.33707209040865216,-1.0,1.0,-1.0,1.0,-0.5397117465029261,3.15657801528734
-1.0,-0.4358380309937473,-0.28242039501032234,-1.0,0.27298095905704767,0.21091817533574297,0.3805247255544188
0.14569526107750919,0.0733443771065505,1.0,-0.15444383179402682,0.9862945412200981,-0.17419265231820047,-0.3786826968475042
1.0,0.2561776576027529,0.46795414820624415,0.2191016389010405,0.4941163055097015,0.08183669232402335,-2.064237907529768
0.14505293668903574,-0.35034860051950234,0.007848166862001293,0.5521640939123716,0.5720531355389185,0.8164116222696056,0.833195795306825
-0.32882150332015825,-0.5987854578235408,-0.4319025835348771,-1.0,1.0,1.0,4.15534197224714
-1.0,-0.17629943503710277,-1.0,-0.039405305401873925,1.0,0.8766286450805623,6.0712882086952344
-1.0,-1.0,-0.10815189693708871,-0.22783053012674015,-1.0,-0.8740342383409788,0.4056156538962645
1.0,0.6996185241081538,-0.029183397880406137,0.9734734321642096,0.2851761693298605,-1.0,4.263830595816193
-1.0,0.1764622776186372,-1.0,-0.9266123416110114,-1.0,-0.851739041885911,-0.06056645130498159
-0.8943405066909205,-0.9042277079950984,-0.09491879680827864,0.6701907766338513,0.33271227241409695,1.0,2.4210308001121184
0.4017728412133145,0.8495986199817563,-0.35189197019204843,-0.8497607735773222,0.7161502705827525,-0.2100203961810362,-0.7811113332097389
0.07445247825156365,0.6958779452597823,0.4942323970880521,0.743823611739609,1.0,1.0,3.931731514780605
-0.6190092818942172,-0.7142955907934545,0.3723494796722427,0.07965908318906845,-1.0,-1.0,1.4092529151966975
0.8975174770381644,1.0,0.6276026061652352,1.0,0.8958058791836032,-0.9106594092446811,-1.1134775484370203
-0.06833613985533715,-0.7285689966360571,-1.0,-0.6406915620686318,0.1257210604957404,1.0,2.703936648047749
-0.18246303527396537,-0.5560320133677635,-0.1999896714199956,0.16574616333733688,1.0,0.3290817631618197,0.6680854011174013
0.03973936883361873,0.7286608037037197,0.7288276240281294,1.0,-1.0,1.0,-0.6231574784176195
0.37641324499379264,-0.09244010371752524,1.0,-0.03733188362201201,-0.6255369519037822,-1.0,2.6498697227862644
0.5505165241945118,-0.2372167080066574,1.0,1.0,1.0,0.8279349146398735,-4.33289806148597
-0.4975032949960446,-0.7690252624970297,0.10934759862168719,0.34364194375480583,0.2229084379062234,0.41329990622937746,0.9962904627181323
0.05710113204852085,1.0,1.0,0.38933371395907956,0.33484374122955374,0.17622168539960048,-2.6253373203341006
-1.0,-0.4849329290235618,0.6279507696650566,-1.0,0.3726598145443334,1.0,-2.313331354731778
0.0774046276260204,-0.0048491732179472,0.25210227818026876,-0.34782921024730207,0.9279805248204441,0.6893262685211166,0.9833606946382103
1.0,1.0,-0.04280240447816741,1.0,1.0,1.0,-0.0549794553281317
0.9381439598862693,-0.40308565324833345,-0.0370179856409778,0.1736008660951622,-0.7082000274678967,0.05774179965887516,0.723413057680675
0.17318424189517811,0.5444357343414493,0.7304638371044085,-0.14896512967897474,-0.4218207754302816,-0.4580046549583771,-0.051098389670355515
0.16718169223053397,1.0,0.20984096345276415,1.0,-0.5404436656666209,-0.992900979887497,5.17031001792029
1.0,0.9958062982305957,0.4992062957466944,-0.027300418801496043,0.21967130495544307,0.9718310714952677,0.6757491210562061
0.9304205494336795,-0.6868692906603617,-1.0,-0.9371051210849375,0.72363465315818,0.596833644399353,-3.0805743559420415
-0.38341208480619815,-0.9941709791017653,0.7088989005122245,-0.5176621828230525,0.08047664919080749,0.2873064396747732,0.9115168608060555
0.20006440008952775,0.0502867043279277,0.6499793925831449,0.8823386171032191,0.9137606439240624,0.02310163564843061,-0.8361737011715953
-1.0,-0.8754023903518329,-0.8993480603514203,-0.9102705396740597,-0.024192224699519205,0.15379901483013192,-4.9308456761690795
1.0,0.49597114920364543,1.0,0.527410880782526,0.8644352452844877,0.6003340742940915,-4.817930477455281
0.9299689398273439,1.0,1.0,0.10878248347855785,-0.2671942890050858,-0.5382583969555303,-0.8234661267179095
-0.9189629460512103,-0.9477945052831471,-0.9416503572788533,-1.0,-0.3195714214705202,1.0,-0.5363655000024021
-0.5293210633369166,-1.0,-0.33297483080651574,-1.0,-0.5768882020426925,-0.5891566753813207,2.822374507651905
-0.5993324885318647,-0.0648236673758944,0.03566571443704991,0.8732995019848876,-1.0,0.12566275100224467,-0.4102484665505434
0.9883761836486156,0.15059699846183894,0.4872699531996513,0.6611300768808515,0.8162013806724844,1.0,-0.9845440304069725
-0.772124815015205,-1.0,-0.9786423256950074,-0.31990556443284535,-1.0,-1.0,1.1503931377623675
-0.22277968624700684,-0.5605116385096343,-1.0,-0.9837921314014271,1.0,-1.0,3.414399560851626
0.08271593730242821,1.0,0.526355304239243,1.0,0.441923305335346,0.47992548942720104,-2.3731516046213783
0.866566960478205,-1.0,-0.9466751050219168,0.40145730276800806,-1.0,-0.5742301353529125,3.0224026089760017
-1.0,0.047895116140086125,0.1721028058942432,-0.4997611167699012,1.0,1.0,5.096491047330492
-1.0,-0.1156701453291818,-0.5597648292475543,-0.8800003177281572,-1.0,-0.3477985805638839,-0.41120876142826146
-0.07718888091896137,0.8438951202836634,0.12745147287712533,-0.007912115204291692,0.044180562940694446,0.2763626923781114,0.7668751534085996
-1.0,-0.3508764559506399,-1.0,-0.7675983881833452,1.0,-0.6169492676346031,1.5720319851934434
-0.9051930958561447,-1.0,-0.05719153691943224,-0.23082496487581872,1.0,0.6444493046535669,2.4512057439786648
-1.0,-1.0,-1.0,-1.0,-0.7180515616788418,0.9391853837308846,0.4734208233244628
-0.9815626174007204,-0.33671825318702475,-0.012555076203967452,-1.0,-0.4466885967916095,0.43211572310797924,-1.6029450417744253
0.7854286537649091,1.0,1.0,1.0,0.0483480652286582,0.045819191165036244,-3.094393215907177
-1.0,-1.0,-1.0,-0.7969975765704902,0.7443434809562768,-0.5833126288436311,-3.877048834756743
0.09528932091533515,1.0,1.0,0.4943832849879186,0.6169576420034703,0.03083380704714722,-3.918200498228712
-0.29423307653939856,-0.4000511833152709,-1.0,-1.0,-1.0,-1.0,2.6071172866924517
0.240918294082346,0.2723724625571763,0.40283618830530044,0.6354135818667845,-0.02692320716671248,0.6120079808823184,0.448312372806249
-0.7185177475455872,-1.0,0.11363287420603291,-0.5093267620657771,-0.1439373605815093,0.638561574922381,-0.9075656272683591
0.3165126140153496,-0.9633643166628936,0.4082355652200407,-0.7759597605920852,-0.18886237846606058,-0.31755378060776684,3.762411814602124
0.19821013204028223,-0.6033779149694518,0.5482030889784391,0.07517081315741114,1.0,1.0,0.919225101015572
-0.08157913409908477,1.0,0.11311305859122878,-1.0,-1.0,-0.541776352899384,3.1531223242385726
1.0,1.0,0.9641193255768568,1.0,0.4520625203666897,-0.3772825168442974,-3.699551395472324
-0.006404459232943999,-1.0,-0.3848146724959207,1.0,1.0,1.0,4.794930125939176
-0.7642856040004286,-1.0,-1.0,-0.10573054626448397,-1.0,1.0,1.4676055818117413
1.0,1.0,0.39508086754387284,0.9224221628661389,1.0,0.25065998619987906,-4.304698598157019
0.49819252223307897,0.30297694763524263,0.5011409903015438,1.0,-0.8399325794837187,0.01572055131661158,1.1183135942068712
0.7336136035423054,0.045688423250366816,-0.5121758132050209,-0.13695253681576258,0.448678916971965,0.030158121946881167,-0.6840452258560292
1.0,1.0,1.0,0.38195035841367975,0.021306895811522564,0.34657235624856775,-2.586357781023919
-0.36653491823822293,-0.333785405300697,-1.0,-1.0,-0.31788266408458865,-1.0,3.3466188956528735
0.23919288934114658,0.30062651009722186,1.0,1.0,-1.0,-0.8551643749668185,1.7987800883525304
